track,race,driver,total_laps,s1_mean,s1_std,s1_best,s2_mean,s2_std,s2_best,s3_mean,s3_std,s3_best,lap_mean,lap_std,lap_best,lap_worst,consistency_score,best_to_avg_ratio,outlier_laps,avg_speed_kph,speed_std,top_speed_max,speed_variance,speed_range,speed_consistency,early_pace,mid_pace,late_pace,tire_degradation,pace_improvement,lap_to_lap_variance,first_vs_last_5,best_lap_position,laps_under_pressure,clutch_score,pressure_delta,pressure_consistency,fcy_lap_count,post_fcy_performance,restart_delta,flag_adaptation,avg_temp,temp_correlation,humidity_sensitivity,sector_balance,s1_ratio,s2_ratio,s3_ratio,track_relative_performance,finishing_position,is_top_finisher
barber,1,3,27,28.139888888888887,2.8536349738714946,26.961,44.147555555555556,2.9239855878490095,42.981,30.06848148148148,2.227439723269234,29.055,102.35592592592593,7.631256358535377,99.167,133.691,0.11585798850837147,0.9688447356899128,2,130.75555555555553,7.97092472838886,184.3,63.53564102564101,34.7,0.11147122847162669,107.2458888888889,99.89977777777777,99.92211111111111,-7.323777777777792,7.323777777777792,6.062437163766351,-13.259200000000007,0.2962962962962963,0,2.412587159548568,0,0.27789296500631366,2,18.800576134011685,0,18.800576134011685,30.16720930232558,0,0,0.43131411450964496,0.2749219318210601,0.43131411450964496,0.29376395366929486,0,14,0
barber,1,111,27,27.90603703703704,2.5371366277373135,26.922,44.13737037037037,3.33574136781233,42.904,29.87855555555555,2.152808672290034,28.952,101.92196296296298,7.797098861270241,98.944,134.812,0.11367383904284177,0.9707819308381538,2,131.32592592592593,8.082535426299035,185.2,65.32737891737892,35.89999999999999,0.11010141475522782,106.67911111111113,99.81700000000001,99.26977777777778,-7.40933333333335,7.40933333333335,7.142423315977247,-13.367399999999975,0.8518518518518519,0,2.5749729368111494,0,0.183140656327306,2,17.589102303481294,0,17.589102303481294,30.16720930232558,0,0,0.43305063096566615,0.27379807281751145,0.43305063096566615,0.29315129621682234,0,12,0
barber,1,113,27,27.933481481481483,2.7307366063217113,26.837,44.02903703703704,3.185271881663159,42.833,29.917333333333335,2.1163911954805736,28.884,101.87985185185185,7.738514008136905,99.056,134.348,0.11443593259321272,0.9722825288756981,2,131.38518518518518,8.06768023582147,185.2,65.08746438746438,35.3,0.11028178916692984,106.8528888888889,99.58622222222223,99.20044444444444,-7.6524444444444555,7.6524444444444555,6.708455442545283,-13.519000000000005,0.48148148148148145,0,2.703529502434966,0,0.023334523779146906,2,18.225199388067313,0,18.225199388067313,30.16720930232558,0,0,0.4321662844687061,0.2741806252535667,0.4321662844687061,0.2936530902777273,0,10,0
barber,1,13,27,27.504259259259264,2.5187275571451755,26.592,43.58951851851852,3.794366830430954,42.38,29.463074074074072,2.2117804336347877,28.418,100.55685185185187,8.420141880330776,97.428,134.965,0.10615551365399246,0.968884747342115,2,133.2222222222222,8.76269774640617,185.2,76.78487179487178,38.10000000000001,0.10243070368209632,105.12877777777778,98.11366666666669,98.42811111111111,-6.700666666666677,6.700666666666677,8.594995098669568,-12.725600000000014,0.25925925925925924,0,1.9246344890581766,0,0.10111626970967678,2,16.449434981812356,0,16.449434981812356,30.16720930232558,0,0,0.433481336336364,0.2735194942238314,0.433481336336364,0.29299916943980464,0,1,1
barber,1,18,26,28.95792307692308,2.8253002661391857,27.538,45.04561538461539,2.5637470714081454,43.823,30.949884615384615,1.9587527322645513,29.698,104.95342307692309,6.987199520111482,101.37899999999999,132.511,0.1252003280351312,0.9659427680190735,1,127.4230769230769,7.154763878273425,180.0,51.190646153846174,30.80000000000001,0.12262770754948284,110.47675,102.52012500000001,102.59800000000001,-7.878749999999982,7.878749999999982,5.124525097346419,-11.852199999999996,0.6923076923076923,0,0.863166774712163,0,0.4475985924910915,2,17.629123056140582,0,17.629123056140582,30.16720930232558,0,0,0.4291962478593984,0.2759121353831315,0.4291962478593984,0.29489161675747005,0,21,0
barber,1,2,27,27.754629629629633,2.4611332934888126,26.842,43.79466666666666,3.705113389731713,42.515,29.529370370370366,2.193528035418112,28.638,101.07866666666666,8.234967030899396,98.326,135.542,0.1082840898786197,0.9727670857022253,2,132.5,8.506106403863413,185.2,72.35384615384616,37.2,0.10519554037324748,105.94577777777778,98.60366666666667,98.68655555555556,-7.2592222222222205,7.2592222222222205,8.258825333870707,-12.811200000000014,0.14814814814814814,0,1.995145695102164,0,0.11455129855222504,2,16.90584332950872,0,16.90584332950872,30.16720930232558,0,0,0.4332730942236409,0.27458444541178784,0.4332730942236409,0.29214246036457114,0,5,0
barber,1,21,27,27.957518518518523,2.822890095279745,26.745,43.99614814814814,3.08761713827874,42.888,29.95625925925926,2.1638995887516206,28.931,101.90992592592592,7.741597578744653,98.775,134.167,0.11439556568372782,0.9692382670535492,2,131.34814814814814,8.092464223459825,185.2,65.48797720797721,35.60000000000001,0.10998118611452555,106.761,99.78966666666666,99.17911111111113,-7.581888888888869,7.581888888888869,6.652568895142339,-13.38639999999998,0.7407407407407407,0,2.5404060521128264,0,0.2658721497261352,2,18.39718644674928,0,18.39718644674928,30.16720930232558,0,0,0.4317160251900007,0.2743355788408646,0.4317160251900007,0.2939483959691347,0,11,0
barber,1,22,27,27.482333333333333,2.4609576622495197,26.644,43.673296296296286,3.7533127195013165,42.452,29.502703703703713,2.3363893711124644,28.606,100.65833333333333,8.47112929080524,97.74600000000001,136.175,0.10558403008718503,0.9710671413196458,2,133.0851851851852,8.741224333524615,185.2,76.40900284900285,38.400000000000006,0.10265650043172503,105.48455555555556,98.43422222222222,98.05622222222222,-7.428333333333342,7.428333333333342,8.581160593640362,-13.531599999999997,0.2222222222222222,0,2.679195297623973,0,0.11384419177103512,2,17.10223500589481,0,17.10223500589481,30.16720930232558,0,0,0.43387660862286237,0.273025912741121,0.43387660862286237,0.2930974786360167,0,2,1
barber,1,31,27,27.931,2.5215681781231054,26.902,44.07103703703703,3.4533548513503107,42.725,29.932518518518513,2.135759338400971,28.747,101.93455555555555,7.857183202127521,98.542,135.06,0.11290271152569105,0.9667182974697274,2,131.31851851851854,8.12422952735245,185.2,66.00310541310542,36.499999999999986,0.10959829506724027,106.79788888888888,99.786,99.21977777777778,-7.578111111111099,7.578111111111099,7.102993077136298,-13.825400000000016,0.2222222222222222,0,2.7375952544715383,0,0.06222539674442189,2,17.379945589766585,0,17.379945589766585,30.16720930232558,0,0,0.43234638927736135,0.27400914094119216,0.43234638927736135,0.2936444697814466,0,13,0
barber,1,41,27,27.81425925925926,2.621621820297689,26.778,43.7477037037037,3.3327684935964017,42.651,29.80477777777778,2.2027262711560476,28.843,101.36674074074072,7.906386238559076,98.39099999999999,134.504,0.11227898422714098,0.9706438155257295,2,132.07777777777778,8.26481575639648,185.2,68.30717948717951,36.30000000000001,0.10793522788724584,106.29244444444446,98.82733333333334,98.98044444444446,-7.311999999999998,7.311999999999998,6.957395521203426,-13.410600000000017,0.48148148148148145,0,2.351107200769315,0,0.14212846301849139,2,18.48013574013124,0,18.48013574013124,30.16720930232558,0,0,0.4315784781479205,0.27439236041334325,0.4315784781479205,0.29402916143873625,0,9,0
barber,1,46,27,28.162888888888887,3.0461348817720983,26.684,43.9134074074074,3.3004976811111293,42.705,30.430592592592596,4.028534838253226,28.659,102.5068888888889,8.463215343397446,98.202,134.549,0.1056723284541662,0.9580039065125162,1,130.70740740740743,9.011357189933069,185.2,81.2045584045584,36.69999999999999,0.09988655694010709,109.29555555555555,98.96944444444445,99.25566666666667,-10.039888888888882,10.039888888888882,8.36914069929616,-12.647400000000005,0.48148148148148145,0,2.4680184096028257,0,0.527501658765161,2,17.309718854446576,0,17.309718854446576,30.16720930232558,0,0,0.42839469506295147,0.2747414265924675,0.42839469506295147,0.29686387834458106,0,16,0
barber,1,47,27,27.725,2.4970222419760457,26.763,43.812666666666665,3.625641343796454,42.578,29.552444444444447,2.1869213930745612,28.634,101.09011111111111,8.186370926651074,98.251,135.318,0.10885691509569315,0.9719150460919905,2,132.47777777777776,8.463238756906852,186.2,71.62641025641025,37.099999999999994,0.10567206700455894,106.00911111111112,98.60144444444444,98.65977777777778,-7.349333333333348,7.349333333333348,8.105418179502859,-12.851399999999998,0.2222222222222222,0,1.908803037114291,0,0.6767011895955315,2,17.062852954405372,0,17.062852954405372,30.16720930232558,0,0,0.4334021021948514,0.2742602584492823,0.4334021021948514,0.29233763935586626,0,6,0
barber,1,5,27,27.99614814814815,3.091921492481579,26.706,44.491814814814816,2.937840717222784,43.004,30.033518518518516,2.1714967254154516,28.982,102.52148148148147,7.700906372081599,99.083,133.466,0.11493055519005207,0.9664608681830006,1,130.56296296296298,8.101716254461538,185.2,65.63780626780628,34.7,0.10986938859029072,107.97011111111111,99.74744444444445,99.84688888888888,-8.123222222222225,8.123222222222225,5.816490725911577,-15.217600000000019,0.8148148148148148,0,2.9569232103118375,0,0.39173715677734877,2,19.056415529332373,0,19.056415529332373,30.16720930232558,0,0,0.43397553538915057,0.2730759226611948,0.43397553538915057,0.2929485419496546,0,17,0
barber,1,51,27,28.589074074074073,3.2559185508373227,27.03,44.253925925925934,2.9685139370233715,43.08,30.849703703703703,4.4002165402556725,29.111,103.69270370370371,8.409214597071546,99.41,134.145,0.1062787961400341,0.9586981190504849,2,129.1925925925926,8.883083574366156,184.3,78.90917378917379,34.7,0.10118299541589522,107.33633333333333,100.03077777777779,103.71100000000001,-3.625333333333316,3.625333333333316,8.177931759596397,-6.849400000000003,0.4074074074074074,0,3.3933956566107355,0,0.2814284989122432,2,17.261112641592,0,17.261112641592,30.16720930232558,0,0,0.4267795548313518,0.2757096020542179,0.4267795548313518,0.2975108431144304,0,20,0
barber,1,55,27,27.637851851851856,2.5207048267026066,26.702,43.714296296296304,3.638779294624195,42.494,29.616148148148152,2.1205261630022885,28.73,100.96829629629629,8.135624579185501,98.094,135.118,0.10946159086685635,0.9715326849938961,2,132.6185185185185,8.470538854761749,185.2,71.75002849002848,37.20000000000002,0.10559061267112631,105.98933333333333,98.36811111111109,98.54744444444444,-7.441888888888897,7.441888888888897,7.765972980499362,-13.290599999999984,0.2222222222222222,0,2.0955055932481774,0,0.27789296500631366,2,17.73705601403869,0,17.73705601403869,30.16720930232558,0,0,0.43295071720349326,0.27372802023664194,0.43295071720349326,0.29332126255986474,0,4,0
barber,1,58,27,28.495888888888885,2.8506849829111025,27.232,44.52740740740741,2.7726877304724105,43.33,30.310777777777776,2.135489051055867,29.325,103.3340740740741,7.372001690001087,100.156,133.66,0.11944574750794992,0.9692446649127961,2,129.4777777777778,7.619273806166396,182.1,58.05333333333335,33.3,0.11601905479375543,107.839,101.12977777777778,101.03344444444446,-6.805555555555543,6.805555555555543,5.89206027594632,-12.860200000000006,0.2222222222222222,0,2.0594117604891897,0,0.27152900397562446,2,18.181888420307104,0,18.181888420307104,30.16720930232558,0,0,0.4309073053239762,0.27576468985885405,0.4309073053239762,0.29332800481716975,0,18,0
barber,1,7,27,27.745777777777775,2.5245186644545705,26.824,43.85048148148148,3.508634057801832,42.701,29.76596296296296,2.14713978767249,28.75,101.36222222222221,8.008462866691676,98.581,135.09,0.11100672942744184,0.972561550435183,2,132.08148148148146,8.313012831469848,185.2,69.10618233618233,36.599999999999994,0.1073766371953095,106.2238888888889,98.863,98.99977777777778,-7.224111111111114,7.224111111111114,7.589047562010767,-13.165800000000004,0.2962962962962963,0,2.185451516015173,0,0.05091168824543335,2,17.667165897191516,0,17.667165897191516,30.16720930232558,0,0,0.4326116823420224,0.2737289807730252,0.4326116823420224,0.2936593368849524,0,8,0
barber,1,72,27,27.555518518518518,2.5194608912099,26.643,43.802925925925926,3.7400227572932265,42.482,29.593037037037035,2.165418177440764,28.587,100.95148148148147,8.305571806232852,97.737,134.893,0.10746249890094901,0.9681581544489654,2,132.67777777777778,8.590483703285297,185.2,73.79641025641027,37.500000000000014,0.10427002755423503,105.43455555555555,98.58566666666667,98.83422222222222,-6.6003333333333245,6.6003333333333245,8.46442955068217,-12.527999999999992,0.2222222222222222,0,2.055424498017007,0,0.003535533905929522,2,16.206995550429166,0,16.206995550429166,30.16720930232558,0,0,0.43390077374903235,0.27295803998253654,0.43390077374903235,0.2931411862684311,0,3,1
barber,1,80,27,28.846962962962962,4.049291813500627,26.94,44.32311111111112,2.9648776642726027,43.179,30.34062962962963,2.1759051370044067,29.163,103.51070370370371,7.936010399607479,99.807,134.337,0.11190676322891542,0.9642191235188058,1,129.34444444444446,8.301822475231353,183.1,68.92025641025641,34.3,0.10750581433506967,109.27688888888889,100.56377777777779,100.69144444444444,-8.585444444444448,8.585444444444448,8.190231372424474,-12.625399999999999,0.14814814814814814,0,3.2839151721292885,0,0.26092240225783586,2,17.239470009417737,0,17.239470009417737,30.16720930232558,0,0,0.4281983362608054,0.2786857970315469,0.4281983362608054,0.29311586670764767,0,19,0
barber,1,88,13,29.250615384615383,4.316825174794966,26.908,45.157000000000004,3.7663222998923853,43.148,49.33730769230769,66.75048607985889,28.783,123.74492307692307,66.39352642321582,98.845,341.969,0.014838220420760155,0.7987802452190735,1,120.51538461538462,26.824393318826,183.1,719.548076923077,95.80000000000001,0.035939687472840584,117.357,99.333,160.56425000000002,43.207250000000016,-43.207250000000016,70.77070027801696,34.610999999999976,0.46153846153846156,0,-176.34992329133627,0,0.0,2,1.1922336818741817,0,1.1922336818741817,30.16720930232558,0,0,0.39870167167697323,0.23637830674016774,0.3649200215828591,0.39870167167697323,0,22,0
barber,1,93,27,28.111481481481487,2.8329198225148766,26.986,44.20288888888889,2.9688778290968068,43.149,30.16266666666666,2.110610392935947,29.131,102.47703703703704,7.607509081273085,99.332,133.99,0.11617762938823366,0.9693098363499681,2,130.59259259259258,7.908414502478985,184.3,62.54301994301993,34.599999999999994,0.11225342059709115,107.15022222222223,100.16733333333333,100.11355555555556,-7.036666666666662,7.036666666666662,6.2786450259222715,-13.181600000000003,0.18518518518518517,0,2.5903725495865455,0,0.053033008588993076,2,18.454422253057317,0,18.454422253057317,30.16720930232558,0,0,0.43134433007575324,0.2743198114844157,0.43134433007575324,0.29433585843983107,0,15,0
barber,1,98,27,27.72740740740741,2.5204571053566887,26.768,43.79737037037036,3.5983783436019765,42.519,29.590888888888887,2.1442373995528166,28.746,101.11566666666666,8.131778034353863,98.086,135.129,0.10950769896486616,0.9700376136899328,2,132.44074074074075,8.439661826038513,187.2,71.22789173789174,37.30000000000001,0.10593599838943214,106.04833333333333,98.64422222222221,98.65444444444444,-7.393888888888895,7.393888888888895,7.8944836971530545,-13.182200000000009,0.2222222222222222,0,2.041886024915348,0,0.05091168824543335,2,17.19529200463981,0,17.19529200463981,30.16720930232558,0,0,0.4331412907037521,0.27421475149654434,0.4331412907037521,0.29264395779970354,0,7,0
barber,2,3,28,27.242678571428574,0.7902681707787753,26.886,43.127464285714275,0.2611767504460249,42.811,29.281928571428576,0.2707438215938028,28.967,99.65207142857143,1.1595289250563463,98.92,105.342,0.46306395269695594,0.9926537259278533,1,133.73928571428573,1.4788231771980005,185.2,2.1869179894179887,8.199999999999989,0.4034172381470045,100.01866666666666,99.37477777777777,99.58611111111112,-0.43255555555553826,0.43255555555553826,1.2235156132393479,-0.8362000000000052,0.17857142857142858,0,-0.04107147081022057,0,0.3111269837220793,0,0.0,0,0.0,24.544545454545457,0,0,0.43278040955352504,0.2733779456953443,0.43278040955352504,0.29384164475113056,0,14,0
barber,2,111,28,27.01789285714286,0.4524404883547068,26.759,42.93196428571429,0.43092583207707885,42.518,28.945178571428574,0.12679001408611695,28.667,98.8950357142857,0.7754018543402437,98.304,102.031,0.5632527630605689,0.994023605836058,1,134.75,1.042255389190337,185.2,1.086296296296301,5.0,0.4896547245231927,99.17966666666666,98.78533333333333,98.77088888888889,-0.4087777777777717,0.4087777777777717,1.0224473781205783,-0.5143999999999807,0.21428571428571427,0,0.07182940354145974,0,0.34365389565666504,0,0.0,0,0.0,24.544545454545457,0,0,0.4341164748627784,0.27319766520130834,0.4341164748627784,0.2926858599359133,0,10,0
barber,2,113,24,27.442833333333336,1.9168903410759177,26.69,43.281625,1.8385188701423674,42.627,48.24204166666666,75.81063074098523,28.633,118.9665,76.18939974711762,98.382,461.864,0.012955146733568706,0.8269722989244872,1,126.77499999999999,25.29922236302755,185.2,640.0506521739132,106.5,0.03802393797794714,113.86325,98.799,144.23725000000002,30.374000000000024,-30.374000000000024,81.62329317298563,48.776799999999966,0.5,0,-136.0559485233238,0,256.0242735845568,0,0.0,0,0.0,24.544545454545457,0,0,0.40550946414887096,0.2306769832964182,0.36381355255471076,0.40550946414887096,0,22,0
barber,2,13,28,26.720857142857145,0.18290975598906362,26.544,42.37935714285714,0.11307035315194085,42.197,28.65028571428571,0.19810918372768258,28.332,97.7505,0.3192917509460937,97.35,98.812,0.7579824548155308,0.9959028342566022,1,136.3357142857143,0.44155808788147727,185.2,0.1949735449735464,2.0,0.6936938638869601,97.57766666666666,97.66844444444445,98.00788888888889,0.43022222222222695,-0.43022222222222695,0.3347276394213569,0.46820000000001016,0.03571428571428571,0,-0.6419404504324763,0,0.6137686860699197,0,0.0,0,0.0,24.544545454545457,0,0,0.4335461930410293,0.2733577541072132,0.4335461930410293,0.2930960528517574,0,1,1
barber,2,18,27,27.849703703703703,0.9142633779259255,27.28,43.68937037037037,0.718352396280659,43.142,30.198148148148153,1.7217902959889821,29.29,101.73722222222223,2.1488131309620364,100.29599999999999,109.714,0.3175799764575031,0.9858338748518786,2,131.03333333333333,2.6172504656604803,185.2,6.85,11.400000000000006,0.27645307105307354,101.59699999999998,101.00788888888889,102.60677777777776,1.009777777777785,-1.009777777777785,2.501385570807938,1.6194000000000273,0.2222222222222222,0,0.24103491019894932,0,0.04242640687118441,0,0.0,0,0.0,24.544545454545457,0,0,0.42943348969112505,0.27374153820390584,0.42943348969112505,0.29682497210496905,0,16,0
barber,2,2,28,26.89178571428572,0.42353594076736006,26.629,42.59689285714286,0.1867502470196624,42.314,28.844178571428564,0.22378396552817026,28.565,98.33285714285715,0.5576205874756786,97.678,100.686,0.6420048682205893,0.9933404035854894,1,135.51428571428573,0.7575370841499662,189.1,0.5738624338624331,4.099999999999994,0.568978036946316,98.512,98.20822222222222,98.28699999999998,-0.22500000000002274,0.22500000000002274,0.6361314168371045,-0.3592000000000013,0.5714285714285714,0,-0.15065448258827985,0,0.0975807358037372,0,0.0,0,0.0,24.544545454545457,0,0,0.4331908386965555,0.2734771112693041,0.4331908386965555,0.29333205003414053,0,3,1
barber,2,21,28,26.902928571428568,0.5834828969261144,26.618,42.80264285714286,0.2883001540686004,42.515,28.955071428571433,0.13335470066884117,28.734,98.66064285714286,0.866303822090906,98.074,102.824,0.5358184386503876,0.9940539323467383,1,135.07500000000002,1.141676804496757,185.2,1.3034259259259262,6.300000000000011,0.4669238598001141,99.12222222222222,98.41122222222222,98.48877777777777,-0.63344444444445,0.63344444444445,0.9640962746430618,-0.7765999999999877,0.5357142857142857,0,-0.11185528460110805,0,0.3535533905932738,0,0.0,0,0.0,24.544545454545457,0,0,0.4338370561716244,0.27268146438477053,0.4338370561716244,0.29348147944360503,0,7,0
barber,2,22,28,26.681785714285713,0.29634456385953917,26.505,42.37489285714286,0.14834477840633012,42.098,28.70217857142857,0.17214529900132056,28.479,97.75885714285714,0.4892682150348494,97.304,99.658,0.6714707195819657,0.9953471515916718,1,136.31071428571428,0.6718351240166285,189.1,0.4513624338624386,3.200000000000017,0.5981451075136365,97.7208888888889,97.59511111111111,97.95333333333333,0.23244444444443957,-0.23244444444443957,0.43475886167652533,0.09740000000000748,0.35714285714285715,0,-0.5131431276961508,0,0.5267945519839811,0,0.0,0,0.0,24.544545454545457,0,0,0.4334634640339494,0.2729347139901097,0.4334634640339494,0.29360182197594076,0,2,1
barber,2,31,27,27.437851851851853,1.9584547225516598,26.693,42.75555555555555,0.3822618246229962,42.37,32.425444444444445,17.595668176119442,28.629,102.61885185185186,17.704708360519643,97.882,190.544,0.053462474833914954,0.953840334730208,1,131.95185185185187,12.706944508670789,186.2,161.46643874643874,66.19999999999999,0.07295571958925028,99.66422222222224,108.5308888888889,99.66144444444446,-0.0027777777777799884,0.0027777777777799884,24.974047723463777,-1.497799999999998,0.5925925925925926,0,3.9708608879532226,0,0.5798275605729741,0,0.0,0,0.0,24.544545454545457,0,0,0.41664425964617724,0.26737632858593235,0.41664425964617724,0.31597941176789046,0,17,0
barber,2,41,28,27.18928571428572,1.7706125714867378,26.619,42.68603571428571,0.36944668157814137,42.346,29.683249999999997,3.510540621286656,28.713,99.55857142857143,3.90712791577964,97.945,116.825,0.20378519108587798,0.9837927422479229,2,134.02142857142857,4.629243370130177,185.2,21.429894179894198,21.900000000000006,0.17764376742106905,102.157,98.2551111111111,98.44288888888889,-3.7141111111111087,3.7141111111111087,4.389067154877958,-1.0857999999999919,0.6428571428571429,0,0.8382717998019767,0,0.36769552621701196,0,0.0,0,0.0,24.544545454545457,0,0,0.42875299536525513,0.2730983914709217,0.42875299536525513,0.29814861316382313,0,12,0
barber,2,46,28,26.971750000000004,0.4570658129934982,26.675,42.712714285714284,0.24134973196938317,42.432,28.811928571428574,0.173643510627575,28.62,98.49639285714285,0.6988450969826723,97.91,101.479,0.5886351862074448,0.9940465550043711,1,135.3,0.9455549027285893,188.2,0.894074074074072,4.799999999999983,0.5139921770377831,98.57866666666666,98.45433333333334,98.5081111111111,-0.0705555555555577,0.0705555555555577,0.7815408515004857,-0.3761999999999972,0.42857142857142855,0,0.309039598621981,0,0.06929646455628094,0,0.0,0,0.0,24.544545454545457,0,0,0.4336474976059674,0.2738349011330727,0.4336474976059674,0.2925176012609599,0,5,0
barber,2,47,28,26.992428571428572,0.4278458902690383,26.616,42.783821428571436,0.4308979473208144,42.404,28.838785714285713,0.19027024779446503,28.595,98.61503571428571,0.7031236381527066,97.968,100.89099999999999,0.5871564328028763,0.993438772195344,2,135.12857142857143,0.942752920325933,190.1,0.8887830687830751,3.9000000000000057,0.5147334946907357,98.54266666666666,98.54144444444445,98.79966666666665,0.2569999999999908,-0.2569999999999908,0.7883290019938474,0.2809999999999917,0.14285714285714285,0,-1.0707944058081513,0,1.0748023074035495,0,0.0,0,0.0,24.544545454545457,0,0,0.4338468380473712,0.2737151426850658,0.4338468380473712,0.29243801926756313,0,6,0
barber,2,5,28,26.971607142857142,0.669081921534925,26.638,42.83253571428571,0.3532887269687144,42.56,29.126714285714286,0.25457151467643846,28.865,98.93085714285714,1.1432063652949096,98.185,104.46600000000001,0.4665906261725748,0.9924608240098425,1,134.71785714285713,1.4807539549608764,185.2,2.192632275132277,8.099999999999994,0.4031032573787717,99.27988888888889,98.75633333333333,98.79599999999999,-0.4838888888888988,0.4838888888888988,1.2248344396523185,-0.8944000000000045,0.5714285714285714,0,-0.1583356918829444,0,0.3585031380615831,0,0.0,0,0.0,24.544545454545457,0,0,0.4329542566525539,0.27263088506258343,0.4329542566525539,0.29441485828486275,0,11,0
barber,2,51,28,27.254928571428568,0.7171063730469494,26.729,43.08964285714285,0.35151241633259367,42.703,29.24717857142857,0.5284875732497079,28.761,99.59175,1.2065727288481194,98.345,104.76599999999999,0.45319149780393714,0.987481392786049,1,133.82142857142858,1.5687591564689884,185.2,2.4610052910052924,8.299999999999997,0.3892930162337983,99.67666666666666,99.13166666666667,100.00755555555556,0.330888888888893,-0.330888888888893,1.2749891044727473,0.24980000000000757,0.14285714285714285,0,-0.6258048482931555,0,0.6052834046956808,0,0.0,0,0.0,24.544545454545457,0,0,0.432662774347703,0.27366652932023555,0.432662774347703,0.2936706963320614,0,13,0
barber,2,55,26,26.938499999999998,0.39797138088058526,26.639,42.54626923076923,0.18155694592987806,42.261,28.896076923076922,0.22559413522109523,28.691,98.38084615384615,0.49997933495757235,97.792,99.968,0.6666758512565012,0.9940146260490043,1,135.45,0.6848357467305565,185.2,0.4689999999999989,3.0,0.593529667174092,98.465875,98.51825,98.22200000000001,-0.24387499999998852,0.24387499999998852,0.47513804309905744,-0.5180000000000149,0.11538461538461539,0,0.3098633176720494,0,0.1979898987322341,0,0.0,0,0.0,24.544545454545457,0,0,0.432464965428699,0.2738185434782099,0.432464965428699,0.29371649109309117,0,20,0
barber,2,58,27,27.88311111111111,2.3689647419744233,26.859,43.73733333333334,2.7033399854482,42.775,33.25948148148149,19.212963514993984,28.977,104.87992592592593,23.187145720993986,98.84,220.18,0.04134427482826214,0.9424110393614143,1,130.07037037037037,14.265742042087963,185.2,203.51139601139604,74.30000000000001,0.06550615078146739,114.291,100.91344444444444,99.43533333333335,-14.85566666666665,14.85566666666665,31.933296705091138,-1.4369999999999976,0.2222222222222222,0,5.106244954547686,0,0.24112341238460844,0,0.0,0,0.0,24.544545454545457,0,0,0.4170229235690338,0.2658574638087011,0.4170229235690338,0.31711961262226507,0,19,0
barber,2,7,28,26.972500000000004,0.5900547055617434,26.65,42.85785714285714,0.30357691249326196,42.476,29.031964285714285,0.20412749867248614,28.82,98.8623214285714,0.9224661010963813,98.237,103.295,0.5201652187415428,0.9936748255600775,1,134.79642857142855,1.21609031793517,186.2,1.4788756613756633,6.599999999999994,0.4512451464215341,99.2128888888889,98.63822222222221,98.77433333333333,-0.4385555555555669,0.4385555555555669,1.0652168606034937,-0.5979999999999848,0.39285714285714285,0,0.19301734555086925,0,0.10677312395916602,0,0.0,0,0.0,24.544545454545457,0,0,0.43351052780833377,0.27282891611530474,0.43351052780833377,0.2936605560763616,0,8,0
barber,2,72,28,26.86760714285714,0.3130114587046665,26.586,42.639178571428566,0.1752974305386105,42.392,28.982785714285715,0.2352282354466035,28.714,98.48957142857144,0.4267356219080991,97.945,99.632,0.700900702726278,0.9944707706544709,2,135.28928571428568,0.5883682933989982,189.1,0.34617724867724964,2.3000000000000114,0.6295769086778162,98.43966666666665,98.43755555555556,98.56166666666667,0.1220000000000141,-0.1220000000000141,0.45417279302697866,0.06939999999998747,0.4642857142857143,0,0.06759236293328384,0,0.1513208511739202,0,0.0,0,0.0,24.544545454545457,0,0,0.43293089768749987,0.2727964672111768,0.43293089768749987,0.2942726351013233,0,4,0
barber,2,80,27,27.713962962962963,2.106105200117058,26.912,43.370999999999995,0.6741537144963532,42.798,32.81125925925925,17.33293555986715,29.014,103.89622222222222,17.934575542002516,99.00999999999999,192.736,0.052813436339341366,0.9529701646728679,1,130.34074074074073,12.623094197640574,185.2,159.34250712250713,65.5,0.07340476293360675,110.69455555555555,101.15288888888888,99.84122222222221,-10.853333333333339,10.853333333333339,24.856303434433194,-1.0585999999999984,0.2222222222222222,0,3.8444345105051387,0,0.30547012947258,0,0.0,0,0.0,24.544545454545457,0,0,0.41744539957607274,0.2667465897237914,0.41744539957607274,0.3158080107001359,0,18,0
barber,2,88,28,27.070607142857146,0.7181626937970985,26.668,42.76267857142857,0.30376599833758916,42.416,29.036535714285716,0.2369048069713605,28.663,98.86982142857143,1.1588178540146294,98.176,104.569,0.46321647661953386,0.9929824751522114,1,134.7892857142857,1.51127595972907,185.2,2.2839550264550215,8.299999999999983,0.3982039473303784,99.31722222222223,98.61644444444443,98.73444444444443,-0.5827777777777925,0.5827777777777925,1.1317214643782607,-1.0230000000000103,0.25,0,0.26380287210273656,0,0.11030865786509554,0,0.0,0,0.0,24.544545454545457,0,0,0.43251497730601746,0.2738005060767134,0.43251497730601746,0.2936845166172691,0,9,0
barber,2,93,24,29.3905,5.148241050401921,26.918,43.69520833333333,2.3220765815024964,42.874,43.52420833333333,49.188371033758685,29.082,116.60991666666666,53.75707606641329,98.961,321.761,0.018262479880903952,0.8486499504401784,2,124.925,24.40397775844714,185.2,595.5541304347827,93.29999999999998,0.03936391416763414,129.338,120.084,100.40775,-28.93025,28.93025,79.61187893316408,-45.451599999999985,0.5,0,14.69121765658867,0,0.09970205614730698,0,0.0,0,0.0,24.544545454545457,0,0,0.3747126280712261,0.2520411714555437,0.3747126280712261,0.37324620047323015,0,21,0
barber,2,98,28,27.344999999999995,1.8103572186889685,26.64,42.802035714285715,0.9589526880594824,42.27,30.395749999999996,7.856708488197747,28.512,100.54278571428573,9.022663835759461,97.693,145.46699999999998,0.09977387413036243,0.9716559900937695,1,133.26428571428573,8.533342633923505,190.1,72.81793650793654,44.80000000000001,0.1048950025609689,98.49577777777777,98.43533333333333,104.90766666666667,6.411888888888896,-6.411888888888896,11.839608457639102,11.359600000000029,0.5,0,-3.087953316249864,0,6.88792715553816,0,0.0,0,0.0,24.544545454545457,0,0,0.42570966589206166,0.2719737652555877,0.42570966589206166,0.3023165688523507,0,15,0
indianapolis,1,21,52,37.16578846153846,5.931516660648483,34.26,35.89173076923076,4.20650849170656,33.691,35.11338461538462,5.029941679597372,32.708,108.17090384615386,14.72899200690912,100.814,154.477,0.06357686491039857,0.9319881448285092,4,132.50576923076926,14.083649447129211,220.4,198.34918174962294,48.69999999999999,0.066296953101779,102.53229411764704,120.50711764705883,101.89235294117645,-0.639941176470586,0.639941176470586,7.145932707464284,-2.6457999999999657,0.21153846153846154,0,5.700334957840041,0,0.36004124763699163,6,6.068338243916432,0,6.068338243916432,17.522222222222222,0,0,0.3435839688868416,0.3435839688868416,0.3318057767204923,0.32461025439266605,0,9,0
indianapolis,1,3,52,37.46734615384615,6.04923964719539,34.537,35.87611538461538,3.642172561372881,33.851,35.208519230769234,4.684565413917282,32.721,108.5519807692308,13.923229729400505,101.384,154.22899999999998,0.06700962312668036,0.9339672964193154,4,131.8346153846154,13.24621861862123,217.3,175.46230769230772,47.80000000000001,0.07019406530045104,103.60247058823529,119.64688235294118,102.71794117647059,-0.8845294117647029,0.8845294117647029,6.878862412848649,-3.4879999999999995,0.6730769230769231,0,5.298273443261782,0,1.4707854364250381,8,5.754799424884636,0,5.754799424884636,17.522222222222222,0,0,0.3451558035914378,0.3451558035914378,0.33049710498497437,0.32434709142358775,0,15,0
indianapolis,1,11,26,37.372615384615386,5.968142599348129,34.631,36.086038461538465,3.8627303346805792,34.156,35.21003846153846,4.60231045872196,32.863,108.66869230769231,13.980591394556182,101.713,154.301,0.06675303889293659,0.9359917547549255,2,131.6730769230769,13.25236756786674,217.3,175.6252461538462,47.30000000000001,0.07016378122709879,103.78525,120.61212499999999,103.1035,-0.6817500000000081,0.6817500000000081,10.154072194280804,-1.038599999999974,0.3076923076923077,0,5.142872513702557,0,0.38890872965258905,4,5.550616844321487,0,5.550616844321487,17.522222222222222,0,0,0.34391336263434447,0.34391336263434447,0.332073918395575,0.32401271897008055,0,19,0
indianapolis,1,111,26,37.3205,6.056631890745879,34.372,35.73780769230769,3.7902850026796746,33.815,35.1596923076923,4.899965230645873,32.807,108.218,14.355270951117571,101.405,154.089,0.06512421716187425,0.9370437450331738,2,132.30769230769232,13.712065433826462,214.3,188.02073846153849,47.60000000000001,0.06797142144982359,103.53162499999999,120.78175,101.989,-1.5426249999999868,1.5426249999999868,10.15725796200267,-1.9428000000000338,0.8846153846153846,0,5.387735866491711,0,0.21001071401240254,4,6.268538061472362,0,6.268538061472362,17.522222222222222,0,0,0.3448640706721618,0.3448640706721618,0.3302390331766221,0.32489689615121614,0,14,0
indianapolis,1,113,26,36.91557692307692,5.941222669943128,34.167,35.97107692307692,4.531250078493367,33.823,35.01173076923077,5.292755762796483,32.603,107.89838461538463,15.336799259498505,100.717,154.883,0.06121150074232456,0.9334430757144007,2,132.9692307692308,14.730370510771797,218.2,216.98381538461538,49.10000000000001,0.06357129346160174,102.19375,121.757125,101.258375,-0.9353749999999934,0.9353749999999934,10.640157685704978,-1.806200000000004,0.8461538461538461,0,6.000446288851567,0,0.09758073580374725,3,6.336133740938001,0,6.336133740938001,17.522222222222222,0,0,0.3421328044406453,0.3421328044406453,0.3333791979490674,0.3244879976102872,0,7,0
indianapolis,1,13,26,36.85873076923077,6.153138220828083,33.973,35.86411538461538,4.7505989881439,33.582,35.04561538461538,5.526508634405076,32.433,107.76846153846154,16.147750645166077,100.13300000000001,154.202,0.0583166865843071,0.9291493872190381,3,133.34615384615384,15.46850298559575,217.3,239.27458461538464,49.5,0.060721973386084614,101.041125,122.79325,100.973625,-0.06749999999999545,0.06749999999999545,11.249430128825782,-0.47220000000000084,0.11538461538461539,0,6.159465806322673,0,0.4560838738653304,3,6.094932521873784,0,6.094932521873784,17.522222222222222,0,0,0.34201778742175176,0.34201778742175176,0.3327885994903604,0.3251936130878878,0,3,1
indianapolis,1,18,26,37.74196153846153,6.396721857206357,34.517,35.89342307692308,3.5723354397153346,34.092,35.19215384615385,4.366255308085478,32.908,108.82753846153845,13.728017602642474,101.87299999999999,154.28300000000002,0.06789780043585647,0.9360957845794121,2,131.40384615384616,12.98908713556825,214.3,168.71638461538458,47.099999999999994,0.07148429274254993,104.159125,120.581375,103.24212499999999,-0.9170000000000158,0.9170000000000158,10.130448155108114,-1.681600000000003,0.19230769230769232,0,4.618811132363277,0,0.5402295808265193,4,5.640995972886086,0,5.640995972886086,17.522222222222222,0,0,0.34680524867150414,0.34680524867150414,0.32981930478569477,0.323375446542801,0,20,0
indianapolis,1,2,26,36.86869230769231,6.061783762353986,33.956,35.88688,4.955102415019627,33.452,35.13032,5.479526764237949,32.552,107.75857692307692,15.975187320774872,100.305,154.28300000000002,0.05890951193075569,0.9308307780605007,3,133.3153846153846,15.328083828259615,214.3,234.9501538461539,49.30000000000001,0.06124417356733943,101.46075,122.39325,100.957125,-0.5036249999999995,0.5036249999999995,11.21762661127567,-0.8118000000000052,0.11538461538461539,0,5.904937782928572,0,0.6399316369738264,3,6.312753636991965,0,6.312753636991965,17.522222222222222,0,0,0.3417378446714998,0.3417378446714998,0.3326373748446186,0.3256247804838816,0,2,1
indianapolis,1,20,26,37.86653846153846,4.460856619357042,35.612,36.70753846153846,1.8469882994923208,35.526,35.47442307692308,2.8279555749421084,33.839,110.04849999999998,8.310833278318125,105.118,141.814,0.10740177276384831,0.9551970267654718,2,128.9923076923077,8.195409596935255,207.3,67.16473846153846,34.80000000000001,0.1087499136888139,108.416,116.8845,105.83862500000001,-2.5773749999999893,2.5773749999999893,7.050429289530293,-3.6917999999999864,0.8461538461538461,0,3.5597940907872223,0,0.07919595949288963,4,3.607819834631983,0,3.607819834631983,17.522222222222222,0,0,0.344089546532106,0.344089546532106,0.33355782642687964,0.32235262704101453,0,22,0
indianapolis,1,22,26,36.912461538461535,6.1466826450095455,33.949,35.86015384615384,4.816678512770456,33.516,34.974999999999994,5.477673002288472,32.382,107.7476153846154,16.146014579646394,100.156,154.20600000000002,0.05832259125610887,0.929542613472081,3,133.37692307692308,15.472926231125326,214.3,239.41144615384619,49.5,0.06070566855999854,100.91575,122.886,101.1665,0.2507499999999965,-0.2507499999999965,11.222143129396754,0.25619999999999266,0.2692307692307692,0,6.15940813253767,0,0.3266833329081873,3,6.051957324727483,0,6.051957324727483,17.522222222222222,0,0,0.3425826307774793,0.3425826307774793,0.33281621795663513,0.32460115126588557,0,8,0
indianapolis,1,46,26,36.89119230769231,6.067671098662028,34.048,35.91046153846154,4.841693358574203,33.602,34.989423076923075,5.356668779553778,32.55,107.79107692307691,15.966159590641892,100.229,154.575,0.058940857809187105,0.9298450563911385,3,133.26538461538462,15.292637243005334,217.3,233.8647538461538,49.599999999999994,0.06137741760802503,101.509125,122.37562499999999,101.01825000000001,-0.4908749999999884,0.4908749999999884,11.208583465659995,-0.7569999999999908,0.3076923076923077,0,6.05762286588584,0,0.24112341238460844,3,6.388423342135474,0,6.388423342135474,17.522222222222222,0,0,0.3422471818703418,0.3422471818703418,0.3331487407263624,0.32460407740329583,0,4,0
indianapolis,1,47,26,36.90742307692308,5.990429621808953,34.117,35.93292307692308,4.85348219671672,33.509,35.01546153846154,5.309926419307667,32.563,107.8558076923077,15.808286627004787,100.322,154.53199999999998,0.059494463783915055,0.9301492626729917,3,133.14615384615385,15.15406825296048,217.3,229.64578461538468,49.5,0.06190391078833871,101.64162499999999,122.27812499999999,101.18425,-0.45737499999998477,0.45737499999998477,11.038617660739952,-0.8883999999999901,0.34615384615384615,0,6.24426986029425,0,0.018384776310847582,3,6.326401983973651,0,6.326401983973651,17.522222222222222,0,0,0.34219226452981566,0.34219226452981566,0.3331570533450822,0.3246506821251022,0,6,0
indianapolis,1,5,26,37.25661538461539,6.0526630970304165,34.317,35.832730769230764,3.8257126557826293,33.787,35.09046153846154,4.885246550427269,32.657,108.1798076923077,14.347282362926382,100.989,153.778,0.06515811570755009,0.9335291137440337,2,132.3653846153846,13.716411842976786,220.4,188.13995384615384,48.0,0.06795134647425873,103.436,120.74024999999999,102.057125,-1.3788750000000078,1.3788750000000078,10.055418591154387,-1.582400000000007,0.8076923076923077,0,5.285466682073124,0,0.3903229432149689,4,6.218561677366131,0,6.218561677366131,17.522222222222222,0,0,0.3443952820713378,0.3443952820713378,0.3312330788306505,0.3243716390980117,0,12,0
indianapolis,1,51,26,37.318769230769234,6.099581345028147,34.291,35.763423076923075,3.9852025110207574,33.6,35.08469230769231,4.738210141133302,32.749,108.16688461538462,14.460163266925923,101.043,154.236,0.06468236995525847,0.9341398743181388,2,132.40384615384616,13.890758964699682,215.1,192.9531846153846,48.20000000000002,0.06715574420152923,103.68325,120.69587499999999,101.660625,-2.022625000000005,2.022625000000005,10.238539127238807,-2.612800000000007,0.7307692307692307,0,5.73362599601257,0,0.43274935008617343,4,6.433943472966806,0,6.433943472966806,17.522222222222222,0,0,0.3450110388541353,0.3450110388541353,0.3306319046174732,0.3243570565283915,0,11,0
indianapolis,1,55,26,36.90723076923077,6.167940202743164,33.901,35.88242307692308,4.8014494992498,33.383,34.962384615384615,5.464387175718229,32.413,107.75203846153843,16.157970089044646,99.74799999999999,154.076,0.05828195263252612,0.92571798570293,3,133.36923076923074,15.47986483741429,218.2,239.62621538461536,49.999999999999986,0.060680109325271694,101.076625,122.7405,100.990875,-0.08575000000000443,0.08575000000000443,11.301996276469625,-0.3492000000000104,0.23076923076923078,0,5.76837204222084,0,1.017526658127437,3,6.2354617380952995,0,6.2354617380952995,17.522222222222222,0,0,0.34252002371541784,0.34252002371541784,0.3330092273820985,0.32447074890248373,0,1,1
indianapolis,1,57,25,39.65112,7.59332978299595,34.913,37.68724,5.106657348337886,34.934,37.15204,7.519656217097516,33.298,114.49040000000001,15.995842113395177,103.28399999999999,157.065,0.05883792008233917,0.9021193043259521,2,125.368,14.631892108222596,212.2,214.09226666666666,46.80000000000001,0.06397178237137306,112.78675,125.894,105.8915,-6.895250000000004,6.895250000000004,13.584526437087439,-6.818599999999989,0.12,0,7.155097719983525,0,0.24112341238460844,3,10.565904901248576,0,10.565904901248576,17.522222222222222,0,0,0.3463270282923284,0.3463270282923284,0.32917379972469313,0.3244991719829785,0,24,0
indianapolis,1,61,26,37.55784615384616,6.429474676471213,34.505,35.96196153846154,3.6605607601106063,34.191,35.00296153846154,4.381786918422842,32.918,108.52276923076923,13.925479752763112,101.811,153.942,0.06699952139326529,0.9381533545601207,2,131.83461538461538,13.238608455806594,216.0,175.26075384615385,47.000000000000014,0.07023158218752716,104.094,120.5905,102.37337500000001,-1.720624999999984,1.720624999999984,10.063718065075816,-2.6554,0.19230769230769232,0,5.373774805145459,0,0.412950360212946,4,6.1584942002229255,0,6.1584942002229255,17.522222222222222,0,0,0.34608263703611297,0.34608263703611297,0.33137710909302265,0.32254025387086444,0,18,0
indianapolis,1,7,11,34.446363636363635,0.8162749870879623,33.958,33.71063636363636,0.16271033939321278,33.545,32.692727272727275,0.08746209568617855,32.558,100.84972727272726,0.9082292762192894,100.271,103.439,0.5240460422980546,0.9942614889660315,1,140.12727272727273,1.2361965127688348,217.3,1.528181818181828,4.300000000000011,0.4471878899237753,101.58299999999998,100.524,100.80000000000001,-0.7829999999999728,0.7829999999999728,1.0963276274301665,-0.5899999999999892,0.6363636363636364,0,-0.06273961168147162,0,0.0,0,0.0,0,0.0,17.522222222222222,0,0,0.34156129687104214,0.34156129687104214,0.334266014150667,0.3241726889782908,0,27,0
indianapolis,1,72,19,37.882,6.990285330371001,33.94,36.82173684210526,5.474365897750727,33.57,37.28994736842105,8.763415109759716,32.36,111.99368421052633,18.99499360958224,100.03999999999999,154.183,0.05001251910982197,0.8932646577814537,1,129.10526315789474,18.34676700808954,217.3,336.60385964912285,49.599999999999994,0.05168822261527552,101.14383333333332,107.3335,120.47216666666668,19.32833333333336,-19.32833333333336,15.362461767530082,13.915199999999984,0.2631578947368421,0,-19.58531496136999,0,0.0,3,-4.024296784813994,0,-4.024296784813994,17.522222222222222,0,0,0.3382512171739008,0.3382512171739008,0.32878404797263,0.3329647348534692,0,25,0
indianapolis,1,8,26,38.309000000000005,6.5429278339287835,35.282,36.08457692307692,2.4099815297728235,34.743,34.91915384615385,3.4013793165985797,33.19,109.31273076923077,10.712311812331427,103.62100000000001,144.643,0.08538024055568089,0.9479316752113116,2,130.2653846153846,10.659566306663411,211.4,113.62635384615383,38.7,0.08576648339213978,109.504375,115.30562499999999,104.33562500000001,-5.168749999999989,5.168749999999989,10.354815570223034,-7.922600000000003,0.6153846153846154,0,4.498772224081159,0,0.28284271247462306,4,4.896597869581036,0,4.896597869581036,17.522222222222222,0,0,0.3504532338586786,0.3504532338586786,0.33010406627984423,0.3194426998614772,0,23,0
indianapolis,1,80,13,38.06492307692307,6.718832630022599,34.722,35.84446153846154,4.142984464034445,34.072,35.328307692307696,5.317927421853607,32.703,109.2376923076923,14.651934504725622,101.547,154.607,0.06388986611834344,0.9295967157011176,1,131.0076923076923,13.521924267552894,214.3,182.84243589743585,47.79999999999998,0.06886139753767709,104.76749999999998,105.5065,119.21625,14.448750000000018,-14.448750000000018,12.901631372944019,11.479399999999998,0.15384615384615385,0,-41.5326493391264,0,0.0,3,0.0,0,0.0,17.522222222222222,0,0,0.34845960467294324,0.34845960467294324,0.3281327239822828,0.323407671344774,0,26,0
indianapolis,1,88,26,36.925961538461536,5.91949537363292,34.097,36.0475,4.444039110989011,33.643,35.089615384615385,5.166381728652447,32.63,108.06307692307693,14.99322438683041,100.37,154.934,0.06252647845192794,0.9288093848322204,2,132.68076923076924,14.355125056390674,220.4,206.0696153846154,49.60000000000001,0.06512483593116739,102.563875,121.51237499999999,101.714,-0.8498749999999973,0.8498749999999973,10.390927119687957,-1.8780000000000001,0.19230769230769232,0,6.053942853888763,0,0.7608468965567204,3,6.114274262340582,0,6.114274262340582,17.522222222222222,0,0,0.3417074785381757,0.3417074785381757,0.33357832320154895,0.32471419826027537,0,10,0
indianapolis,1,89,26,37.2876923076923,6.075372915429839,34.363,35.78546153846154,3.8479897113248036,33.91,35.132423076923075,4.967681480715743,32.768,108.20557692307693,14.510618473857207,101.322,153.91899999999998,0.06447196168776101,0.9363842685486493,2,132.3846153846154,13.882123535185595,215.1,192.71335384615384,47.7,0.06719471167106725,103.130375,121.035375,102.0725,-1.0578749999999957,1.0578749999999957,10.069735317276217,-1.8510000000000133,0.6538461538461539,0,4.916638378869283,0,0.7360981592151937,4,6.122522071762895,0,6.122522071762895,17.522222222222222,0,0,0.3446004667042257,0.3446004667042257,0.33071734892094645,0.3246821843748278,0,13,0
indianapolis,1,93,26,37.360269230769234,6.059262011550199,34.616,36.06061538461539,3.9102801339742728,34.202,35.09665384615385,4.557211550431318,32.935,108.51753846153846,13.96660757444203,102.09100000000001,154.29399999999998,0.06681540857045429,0.9407788035680869,2,131.85000000000002,13.258544414829256,214.3,175.78900000000004,46.80000000000001,0.07013338605306542,104.014875,120.44687499999999,102.56325,-1.451625000000007,1.451625000000007,10.234264069291935,-2.199799999999996,0.34615384615384615,0,5.352626445353037,0,0.222031529292581,4,5.900696150565049,0,5.900696150565049,17.522222222222222,0,0,0.3442786277723275,0.3442786277723275,0.3323021872394962,0.32341918498817634,0,17,0
indianapolis,1,98,26,36.89419230769231,6.064049386469281,33.986,35.90657692307692,4.836862000703158,33.499,34.99976923076923,5.365319265860642,32.384,107.80053846153845,15.931086117978948,100.062,154.34,0.059062956329665704,0.9282142874982072,3,133.25000000000003,15.288564353790713,219.1,233.74020000000004,49.599999999999994,0.061392764781463244,101.615625,122.305375,100.971125,-0.6444999999999936,0.6444999999999936,11.16605366173147,-1.2661999999999978,0.34615384615384615,0,6.442953403258285,0,0.20506096654409317,3,6.285132487719503,0,6.285132487719503,17.522222222222222,0,0,0.34224497237419255,0.34224497237419255,0.3330834654029843,0.32467156222282323,0,5,0
indianapolis,2,21,46,40.81869565217391,6.2809225998506,34.456,39.77541304347826,6.111820709179828,33.908,38.36904347826087,5.903895493491364,32.811,118.96315217391304,17.350849900371376,101.337,152.261,0.05449338888547949,0.8518351955894271,0,121.15652173913045,16.71068390347143,216.0,279.24695652173915,46.60000000000001,0.05646309343277209,112.09546666666668,110.50946666666668,132.08133333333336,19.98586666666668,-19.98586666666668,10.030219696225275,11.707799999999992,0.5434782608695652,0,-10.374723265607454,0,2.5649476115507737,18,-8.955352980019262,0,-8.955352980019262,12.007209302325583,0,0,0.34312049492855384,0.34312049492855384,0.33435069865440614,0.32252880641704,0,6,0
indianapolis,2,3,46,40.34404347826087,5.697082968820376,34.692,40.33571739130434,6.128337891986496,34.404,38.41700000000001,5.717260163555423,33.069,119.09676086956522,16.24719951278412,102.343,152.286,0.05798042744613531,0.8593264775024911,1,120.7195652173913,15.55035718868387,214.3,241.81360869565214,45.3,0.06042165668084429,113.0786,110.0822,131.9738,18.895200000000017,-18.895200000000017,9.915782550504469,9.026600000000016,0.45652173913043476,0,-10.111516923305516,0,2.383012012139252,19,-8.793904102792613,0,-8.793904102792613,12.007209302325583,0,0,0.33875013210851024,0.33875013210851024,0.33868022183642776,0.32256964605506194,0,13,0
indianapolis,2,11,23,40.77269565217391,5.6455225012617705,35.064,40.287652173913045,6.130137931183603,34.393,38.17317391304348,5.894024428892321,33.083,119.23352173913042,15.626132906912893,102.811,151.403,0.06014627728521376,0.8622659005656056,1,120.38695652173914,15.079405110879668,213.0,227.38845849802382,44.10000000000001,0.06219135553238712,113.24157142857142,106.677,130.74242857142855,17.50085714285713,-17.50085714285713,13.082122865199407,19.17819999999999,0.4782608695652174,0,-10.609414262329942,0,2.301632572762209,10,-9.705430273935118,0,-9.705430273935118,12.007209302325583,0,0,0.3419566499208167,0.3419566499208167,0.33788863724127777,0.32015471283790564,0,15,0
indianapolis,2,111,23,40.75213043478261,6.356560278414933,34.469,39.774826086956516,6.117346139181702,34.078,38.41486956521739,6.046732628636182,32.9,118.9418260869565,17.493037998670356,101.721,152.323,0.05407440357132774,0.8552163973473333,0,121.16521739130435,16.854069071555827,214.3,284.0596442687747,46.10000000000001,0.05600964105113427,112.46928571428573,104.78142857142858,130.47071428571428,18.001428571428548,-18.001428571428548,14.207741395776601,19.513999999999996,0.5217391304347826,0,-10.437601575048411,0,3.027124130259614,9,-9.066215068334465,0,-9.066215068334465,12.007209302325583,0,0,0.34262237074609364,0.34262237074609364,0.33440571240160516,0.3229719168523012,0,8,0
indianapolis,2,113,4,45.810249999999996,9.620918506913291,35.701,44.97925,10.794914277102897,36.951,48.977,16.168761589352886,33.912,139.7665,34.14358263275838,110.965,188.861,0.028454697133463856,0.7939313068582242,0,105.12500000000001,22.222567358430933,211.4,493.84250000000003,52.5,0.043061560962033375,110.965,124.538,188.861,77.89599999999999,-77.89599999999999,24.475854435204774,0.0,0.0,0,-35.12608529225528,0,0.0,1,-37.39230498125289,0,-37.39230498125289,12.007209302325583,0,0,0.3504201650610124,0.32776273284370716,0.3218171020952803,0.3504201650610124,0,29,0
indianapolis,2,13,23,40.47456521739131,7.329652378127473,34.179,39.46713043478261,6.296997865536964,33.714,38.784130434782604,6.717904085382229,32.622,118.7258260869565,18.964638825629173,100.747,153.691,0.05008855951434852,0.8485685323950616,0,121.82608695652173,18.424643018406933,212.2,339.4674703557313,48.400000000000006,0.051480997568521224,111.14785714285713,104.43257142857142,130.82257142857142,19.674714285714288,-19.674714285714288,16.108334960617846,21.022200000000026,0.5217391304347826,0,-10.210646084841455,0,3.5433120805257867,9,-8.49981420646178,0,-8.49981420646178,12.007209302325583,0,0,0.34090784247520967,0.34090784247520967,0.3324224537791492,0.3266697037456412,0,1,1
indianapolis,2,18,23,40.36600000000001,5.415424712631671,35.262,40.28621739130434,5.856814391307722,34.927,38.48456521739131,5.797711655363275,33.509,119.13678260869564,15.326219461956278,103.844,151.159,0.06125116732200142,0.8716367668000172,1,120.40434782608695,14.71036981986361,212.2,216.39498023715413,42.599999999999994,0.06365222534326576,114.97042857142857,105.45714285714288,130.35285714285715,15.382428571428576,-15.382428571428576,12.326681929002136,17.2748,0.5217391304347826,0,-10.084809349574813,0,2.8263058044026406,10,-8.8231948534523,0,-8.8231948534523,12.007209302325583,0,0,0.33882063218529235,0.33882063218529235,0.33815095983936616,0.3230284079753415,0,14,0
indianapolis,2,2,23,40.40399999999999,7.309844750247933,34.254,39.62791304347826,6.220645157370178,33.729,38.76517391304348,6.6061123600673035,32.699,118.79708695652177,18.659627051990284,101.003,153.535,0.05086566481426528,0.850214450434848,0,121.65652173913043,18.13371611333572,213.0,328.8316600790515,47.900000000000006,0.052263762777530975,111.37071428571427,104.43499999999999,130.891,19.52028571428572,-19.52028571428572,15.301686657449585,20.4572,0.4782608695652174,0,-10.078877647783022,0,3.5984664094583394,9,-8.327806806709532,0,-8.327806806709532,12.007209302325583,0,0,0.3401093497754482,0.3401093497754482,0.33357647109631217,0.3263141791282395,0,4,0
indianapolis,2,20,22,42.858681818181815,6.966329288160463,36.012,41.75954545454545,5.35009774478821,36.353,40.11881818181819,6.364960147530673,35.184,124.73704545454544,14.993971875953452,108.35,161.378,0.06252355623455082,0.8686272759240804,2,114.7318181818182,12.646414374707028,204.2,159.93179653679655,42.80000000000001,0.07327932250492494,119.76914285714284,120.01885714285716,130.09757142857146,10.328428571428617,-10.328428571428617,13.509763807459155,12.805000000000021,0.7272727272727273,0,-5.486304826699088,0,1.950907609293695,9,-4.598559915899463,0,-4.598559915899463,12.007209302325583,0,0,0.34359224769196284,0.34359224769196284,0.33478062032311606,0.32162713198492104,0,23,0
indianapolis,2,22,23,40.73017391304348,7.897906538802048,34.049,39.38821739130434,6.557632118077943,33.731,39.27195652173914,7.586468896410604,32.487,119.39034782608697,18.005708394356738,100.46000000000001,153.471,0.052615770969995763,0.841441555613337,0,120.86521739130437,17.520523256394643,214.3,306.96873517786554,48.599999999999994,0.05399415481712843,111.22714285714287,104.624,132.78714285714287,21.560000000000002,-21.560000000000002,12.722842830193972,18.9632,0.391304347826087,0,-9.514715704204468,0,1.2897627688842714,9,-9.185135352083606,0,-9.185135352083606,12.007209302325583,0,0,0.3411513129384139,0.3411513129384139,0.3299112374534682,0.3289374496081178,0,21,0
indianapolis,2,31,23,42.479,17.898505869586888,34.242,38.87456521739131,5.996521232621512,33.822,38.11182608695652,7.387829498279733,32.582,119.46539130434782,23.32172003585563,100.712,190.902,0.04111551315144559,0.8430223925138953,1,121.8608695652174,19.531646561191515,218.2,381.48521739130433,66.30000000000001,0.048705299743965924,111.60128571428571,104.44157142857144,132.8654285714286,21.264142857142886,-21.264142857142886,24.154158611050644,14.355000000000018,0.30434782608695654,0,0.901843866733815,0,16.35255142172009,9,-9.212824892188074,0,-9.212824892188074,12.007209302325583,0,0,0.35557578254426236,0.35557578254426236,0.32540441037316975,0.31901980708256783,0,20,0
indianapolis,2,46,13,36.38361538461538,4.408078125034793,34.211,35.431769230769234,2.7558746389560307,33.574,35.01653846153846,5.1167023497461175,32.635,106.83192307692308,10.869094124025382,100.556,136.252,0.08425242815926476,0.9412542347252874,1,133.35384615384618,11.414290413382062,213.0,130.28602564102565,36.8,0.08055232854243878,117.8745,101.97650000000002,102.09325000000001,-15.781249999999986,15.781249999999986,11.781824801748284,-12.883599999999973,0.7692307692307693,0,2.2829534531237043,0,0.0,1,9.3986599638751,0,9.3986599638751,12.007209302325583,0,0,0.3405687582579393,0.3405687582579393,0.3316590042590266,0.3277722374830341,0,28,0
indianapolis,2,47,23,40.568478260869554,6.64473090548625,34.28,40.03195652173912,6.80119783887208,33.867,38.654391304347826,6.322480013549993,32.755,119.25482608695654,18.29532937329827,101.098,153.442,0.05182601346955208,0.8477476620215169,0,121.06521739130437,17.61599502249053,213.0,310.3232806324111,47.70000000000002,0.05371724685099403,111.48628571428573,104.63057142857143,132.0917142857143,20.60542857142856,-20.60542857142856,14.056546621642424,20.718999999999994,0.5217391304347826,0,-10.574560650357398,0,2.3977990950035966,9,-9.608828598559857,0,-9.608828598559857,12.007209302325583,0,0,0.340183115367494,0.340183115367494,0.3356841633608119,0.3241327212716941,0,16,0
indianapolis,2,5,17,41.40435294117647,13.78323102514962,34.835,36.72911764705882,4.193305078967438,34.218,37.003882352941176,6.123118740502597,32.928,115.13735294117647,18.542032402561674,102.15,162.036,0.05117175017419962,0.8872012200262092,1,125.2470588235294,16.80164120134767,212.2,282.2951470588236,51.10000000000001,0.05617459585267313,127.2172,102.69959999999999,120.5678,-6.6494,6.6494,20.97076674762593,-6.6494,0.6470588235294118,0,-9.126184327159116,0,0.0,5,-9.752196059376853,0,-9.752196059376853,12.007209302325583,0,0,0.35960834502014216,0.35960834502014216,0.3190026234650685,0.3213890315147892,0,27,0
indianapolis,2,51,23,40.85378260869565,6.445278123320709,34.356,39.69999999999999,6.096045469288789,34.078,38.37186956521739,6.0073808110928155,32.88,118.92565217391304,17.51952599402552,101.56700000000001,152.175,0.05399706236123993,0.8540377802719274,0,121.19565217391306,16.91195054233086,214.3,286.01407114624504,46.19999999999999,0.05582864901489792,112.28014285714286,104.80114285714285,130.60271428571428,18.322571428571422,-18.322571428571422,14.16509052816097,19.680999999999983,0.5217391304347826,0,-10.600192301364746,0,3.3149165902025466,9,-9.056974746191813,0,-9.056974746191813,12.007209302325583,0,0,0.3435237214335592,0.3435237214335592,0.3338220079040979,0.322654270662343,0,7,0
indianapolis,2,55,23,40.49586956521738,7.3446065697239105,34.062,39.522739130434786,6.165620533670345,33.666,38.714,6.650989427418776,32.34,118.73260869565217,18.76933435091092,100.40899999999999,153.45600000000002,0.05058339255382782,0.8456733251551714,0,121.74347826086954,18.207461659414562,215.1,331.51166007905135,48.599999999999994,0.05206310014992786,111.28657142857143,104.42628571428573,130.7597142857143,19.47314285714286,-19.47314285714286,15.90390686407354,20.925600000000003,0.4782608695652174,0,-10.074225973597978,0,4.147888378440298,9,-7.977176347024625,0,-7.977176347024625,12.007209302325583,0,0,0.34106779940311616,0.34106779940311616,0.33287181646740027,0.32606038412948346,0,2,1
indianapolis,2,57,17,39.142352941176476,5.090968828980103,35.49,38.245294117647056,4.038563169072416,35.146,37.684176470588234,6.280684708247324,33.498,115.07182352941176,13.457409753716046,104.428,150.611,0.06916868353564967,0.9075027821498696,1,124.20588235294117,12.922774014711164,205.3,166.99808823529412,41.500000000000014,0.07182476702870952,120.1412,105.6256,123.6606,3.5194000000000045,-3.5194000000000045,11.558180776690884,3.5194000000000045,0.6470588235294118,0,-10.36498432436826,0,0.0,5,-11.084603181024498,0,-11.084603181024498,12.007209302325583,0,0,0.34015584128787085,0.34015584128787085,0.3323601985665218,0.3274839601456072,0,26,0
indianapolis,2,61,21,51.873714285714286,52.80764364004784,36.289,39.738666666666674,4.824068690776837,36.327,39.10609523809524,5.999587460023911,35.116,130.71847619047622,52.87037385116455,108.576,355.63,0.01856307889681338,0.8306094376573717,1,115.56666666666668,20.57783597303986,210.1,423.44733333333335,90.39999999999999,0.04634385029385878,117.45885714285714,110.2372857142857,164.4592857142857,47.00042857142856,-47.00042857142856,76.0728431204696,11.976400000000012,0.38095238095238093,0,-0.4754674531380912,0,2.5342707037725885,9,0.9397676961545327,0,0.9397676961545327,12.007209302325583,0,0,0.3968353655693369,0.3968353655693369,0.3040019117784203,0.29916272265224286,0,24,0
indianapolis,2,7,23,40.621043478260866,7.192625671024335,34.298,39.35430434782608,6.217371027538178,33.868,38.78991304347826,6.537548066314127,32.609,118.7652608695652,18.58583570214252,100.801,153.121,0.051057305657404684,0.8487414523570611,0,121.6521739130435,17.986557343174052,213.0,323.51624505928845,47.89999999999999,0.05266884258822808,111.34442857142857,104.60900000000001,130.65257142857143,19.30814285714287,-19.30814285714287,15.940266060178047,20.90780000000001,0.5217391304347826,0,-10.100798030166223,0,3.7879710268163347,9,-8.231477562283048,0,-8.231477562283048,12.007209302325583,0,0,0.3420279901786535,0.3420279901786535,0.33136208399396544,0.32660992582738113,0,3,1
indianapolis,2,72,17,39.963764705882355,6.9215484948222725,34.159,37.97870588235294,5.709972786326413,33.792,36.80811764705883,6.166069918132141,32.488,114.75058823529412,17.457774554116366,100.88499999999999,152.16899999999998,0.05417771232756685,0.879167606471324,1,125.55882352941177,16.91748573309319,215.1,286.2013235294117,47.19999999999999,0.05581140205140628,117.1908,101.86420000000001,130.4856,13.29480000000001,-13.29480000000001,12.294158835262646,13.29480000000001,0.5294117647058824,0,-14.629477742008254,0,0.0,4,-15.687255321230733,0,-15.687255321230733,12.007209302325583,0,0,0.348266316717587,0.348266316717587,0.33096741782689826,0.32076626545551484,0,25,0
indianapolis,2,8,23,40.20808695652174,5.514617112836191,35.219,41.00521739130435,6.103229524801691,35.062,38.12821739130435,5.500773622918225,33.473,119.34152173913044,14.863638221174533,104.255,150.98,0.06303724190237872,0.8735853077849285,1,120.10000000000001,14.196062194079799,209.3,201.52818181818176,41.900000000000006,0.0658065219283972,114.88542857142856,105.61714285714285,130.93714285714285,16.051714285714283,-16.051714285714283,11.277758173498551,16.073999999999984,0.4782608695652174,0,-10.19257847864457,0,2.0880863248438772,10,-9.400701996997114,0,-9.400701996997114,12.007209302325583,0,0,0.3435955633357682,0.3369161576841035,0.3435955633357682,0.31948827898012827,0,18,0
indianapolis,2,80,23,39.871086956521744,5.756770748139995,34.736,41.84417391304348,10.927216565872133,34.451,37.71939130434783,5.729343130198899,32.98,119.43465217391305,17.928096929397757,102.291,155.236,0.05283151305332086,0.8564599815726045,0,120.69130434782608,16.75108987074296,215.1,280.5990118577074,47.099999999999994,0.05633456916063406,113.35242857142859,104.3407142857143,131.614,18.261571428571415,-18.261571428571415,18.446687552634,10.537999999999982,0.4782608695652174,0,-9.61935888535734,0,1.2112739161725516,9,-9.344690152201235,0,-9.344690152201235,12.007209302325583,0,0,0.350352038972012,0.3338318170715149,0.350352038972012,0.3158161439564732,0,19,0
indianapolis,2,86,23,40.872913043478256,6.5451079157228955,35.976,40.23526086956522,5.881146279869034,35.67,38.173956521739136,4.630222618624694,33.946,119.28213043478262,14.446515091896568,106.08500000000001,150.618,0.06473952176595563,0.8893620495653527,1,120.0130434782609,13.499942907213484,202.2,182.24845849802367,39.39999999999999,0.06896578878959009,116.96442857142857,106.77442857142856,130.43257142857144,13.468142857142865,-13.468142857142865,13.149440552680744,15.351600000000005,0.4782608695652174,0,-10.361040266609425,0,2.545584412271567,10,-9.291763848842693,0,-9.291763848842693,12.007209302325583,0,0,0.3426574701046733,0.3426574701046733,0.33731172240894713,0.32003080748637963,0,17,0
indianapolis,2,88,23,40.79256521739131,6.547757394198462,34.396,39.585608695652176,6.136311178988195,33.811,38.43534782608696,6.008057442897343,32.807,118.81352173913045,17.740146942277477,101.112,152.187,0.05336137454418864,0.8510142492199136,0,121.3608695652174,17.068890871205504,214.3,291.34703557312264,46.900000000000006,0.05534374008498746,112.14857142857144,104.76185714285714,130.446,18.297428571428554,-18.297428571428554,15.283816156412977,19.75639999999997,0.5217391304347826,0,-10.06954266294532,0,3.533412585589188,9,-8.359058712225915,0,-8.359058712225915,12.007209302325583,0,0,0.34333268318530574,0.34333268318530574,0.3331742727277052,0.3234930440869891,0,5,0
indianapolis,2,89,23,40.76895652173913,6.1569647811405845,34.919,39.73113043478261,6.062006240844001,34.332,38.47195652173913,6.1323839608653214,33.071,118.97204347826087,17.344217232470154,102.58500000000001,152.214,0.054513091909419366,0.86226139352431,0,121.07391304347823,16.560391337912947,211.4,274.2465612648221,44.89999999999999,0.05694633910811523,113.0077142857143,104.38642857142858,130.38771428571428,17.37999999999998,-17.37999999999998,14.611706078403197,19.32180000000001,0.5217391304347826,0,-10.321716062633646,0,2.607809809015999,9,-9.207199680546099,0,-9.207199680546099,12.007209302325583,0,0,0.3426767779204249,0.3426767779204249,0.33395350095035115,0.323369721129224,0,9,0
indianapolis,2,93,23,40.727434782608704,6.182767957844881,34.844,39.80265217391304,5.976212030806316,34.511,38.45552173913044,6.086741820394741,32.993,118.98560869565218,17.2407027481194,102.61,152.224,0.05482244921200194,0.8623731989509875,0,121.0304347826087,16.470150266538905,212.2,271.2658498023716,44.89999999999999,0.05724049219629951,113.16814285714285,104.31342857142856,130.37228571428574,17.204142857142884,-17.204142857142884,14.537144015362047,19.18080000000002,0.4782608695652174,0,-10.273840205008357,0,2.583768178455642,9,-9.171989570764392,0,-9.171989570764392,12.007209302325583,0,0,0.3422887459170254,0.3422887459170254,0.33451652355473016,0.3231947305282444,0,10,0
indianapolis,2,98,23,40.84326086956521,6.454633347923528,34.178,39.91252173913043,6.215990375779121,33.826,38.30478260869565,6.198899828756431,32.481,119.0605652173913,17.643230215545426,100.485,152.165,0.05363877334766603,0.8439822187684529,0,121.08695652173911,17.060861758790768,215.1,291.0730039525692,47.69999999999999,0.05536834362365183,112.22428571428574,104.94857142857143,130.95871428571428,18.734428571428538,-18.734428571428538,14.097200102098808,20.13879999999999,0.5217391304347826,0,-10.214494413329287,0,2.736503243191942,9,-9.014888624685995,0,-9.014888624685995,12.007209302325583,0,0,0.34304608578827067,0.34304608578827067,0.33522872721336927,0.32172518699835995,0,12,0
cota,1,3,34,36.020823529411764,6.138163990969583,32.914,62.72961764705882,10.053511417364238,57.593,64.52282352941178,8.063805787969864,60.037,163.27326470588238,23.14396397035609,151.035,226.084,0.04141821952798629,0.9250442824921264,4,122.50588235294117,13.602828163523418,208.5,185.0369340463459,43.30000000000001,0.06847988545793562,169.3010909090909,152.21372727272725,167.61136363636365,-1.6897272727272536,1.6897272727272536,17.557049821150144,-35.22879999999998,0.5294117647058824,0,6.445593766687198,0,1.5312499251700744,6,-2.5152977724715506,0,-2.5152977724715506,28.695909090909087,0,0,0.39518303039779407,0.2206167898602325,0.3842001797419735,0.39518303039779407,0,15,0
cota,1,11,10,36.4271,6.936480847262858,33.048,61.313700000000004,9.086896243737156,57.988,63.267399999999995,7.668030968464677,60.261,161.00820000000002,23.12676213490432,151.702,225.563,0.041447749781281025,0.9422004593554861,1,124.05999999999999,13.380018269377997,206.9,179.02488888888897,42.500000000000014,0.06954094085745934,181.4416666666667,152.202,152.412,-29.029666666666685,29.029666666666685,19.633674699211156,-17.44120000000001,0.9,0,5.7799540644513865,0,0.0,1,31.79934455365266,0,31.79934455365266,28.695909090909087,0,0,0.3929452040330865,0.2262437565291706,0.38081103943774297,0.3929452040330865,0,29,0
cota,1,113,17,37.02617647058824,7.961876021353998,32.453,63.20576470588236,11.24971203814464,57.582,64.51223529411766,9.433559909502694,59.349,164.74417647058826,25.28916975761387,149.926,223.79500000000002,0.03803847779218589,0.9100534125815746,2,121.75882352941177,15.267615188018457,210.1,233.10007352941184,43.400000000000006,0.06147182536851052,168.19200000000004,150.2016,172.03879999999998,3.846799999999945,-3.846799999999945,28.261038930463382,3.846799999999945,0.5294117647058824,0,8.067160099562575,0,0.0,3,-6.390690440447767,0,-6.390690440447767,28.695909090909087,0,0,0.3915903838071934,0.224749531448224,0.3836600847445826,0.3915903838071934,0,26,0
cota,1,13,17,35.92047058823529,6.1438801473259455,32.526,62.148941176470586,10.98010516497103,56.786,64.29364705882352,10.710286894740356,59.131,162.36305882352943,27.082109388558035,148.745,224.85399999999998,0.035609860575767385,0.9161258791118814,2,123.87058823529412,16.2590653446732,206.9,264.357205882353,44.80000000000001,0.057940565148195455,166.5236,148.84480000000002,165.0618,-1.4617999999999824,1.4617999999999824,29.308969855660227,-1.4617999999999824,0.47058823529411764,0,7.069994188767947,0,0.0,3,9.641922992688395,0,9.641922992688395,28.695909090909087,0,0,0.3959869167573615,0.22123548822319766,0.3827775950194408,0.3959869167573615,0,6,0
cota,1,14,17,36.055117647058815,6.408978915185642,32.837,62.372588235294124,10.228711123956574,57.505,64.35929411764705,8.952792726048573,59.468,162.787,24.4073449139803,150.363,224.381,0.03935869739186142,0.9236794092894396,2,123.0529411764706,14.54747046942607,206.9,211.62889705882355,43.2,0.06431914451720548,168.39280000000002,151.93099999999998,165.0654,-3.3274000000000115,3.3274000000000115,26.91439529539289,-3.3274000000000115,0.8823529411764706,0,7.600115488337529,0,0.0,3,-1.9944265138111823,0,-1.9944265138111823,28.695909090909087,0,0,0.39535892987552484,0.2214864678817032,0.38315460224277204,0.39535892987552484,0,14,0
cota,1,15,6,75.80633333333333,95.0722634308591,33.127,63.268166666666666,11.313571698038896,58.301,65.743,9.309734861960354,60.32,204.8175,94.61197293524746,151.899,389.514,0.01045894116919063,0.7416309641510125,0,108.39999999999999,32.52525172846476,201.5,1057.892,79.1,0.02982826223347775,306.1485,151.97,156.334,-149.8145,149.8145,144.5278167803693,-12.45859999999999,0.3333333333333333,0,21.64243777997485,0,0.0,1,9.676950216129603,0,9.676950216129603,28.695909090909087,0,0,0.37011648581460727,0.37011648581460727,0.30890019977134114,0.32098331441405153,0,30,0
cota,1,16,17,35.85464705882353,6.117834736869495,32.431,62.146176470588244,11.053230518921232,56.909,64.26905882352942,10.700569123127211,59.189,162.26988235294115,27.199042721855015,148.726,224.90800000000002,0.03546219670871924,0.9165348359378059,2,123.9529411764706,16.31410883434408,207.7,266.15014705882356,44.80000000000001,0.057756365607244585,166.398,148.926,164.815,-1.5829999999999984,1.5829999999999984,29.51502906882075,-1.5829999999999984,0.47058823529411764,0,7.180557589607426,0,0.0,3,9.823385527879916,0,9.823385527879916,28.695909090909087,0,0,0.39606276834380494,0.22095688083903794,0.38298035081715726,0.39606276834380494,0,3,1
cota,1,18,17,36.194764705882356,5.6851403075189335,33.551,63.94317647058824,9.870424574424941,58.47,64.566,6.37797105277219,61.343,164.7039411764706,20.421078930453785,153.543,227.239,0.04668298936979903,0.9322363442140568,2,120.96470588235294,11.7810728064378,201.5,138.79367647058822,41.60000000000001,0.07824069349611264,173.34359999999998,155.839,167.67040000000003,-5.673199999999952,5.673199999999952,23.301675738023647,-5.673199999999952,0.8823529411764706,0,0.25071724059606343,0,0.0,3,-2.570830667587694,0,-2.570830667587694,28.695909090909087,0,0,0.3920124772899109,0.21975651855896872,0.38823100415112033,0.3920124772899109,0,24,0
cota,1,21,17,35.740529411764705,5.948945905763969,32.444,62.55882352941177,11.323010201771071,56.954,64.30935294117647,9.957609093936508,59.254,162.60870588235295,26.169932144936645,148.989,222.78300000000002,0.036805391881935885,0.9162424557255454,2,123.52941176470588,15.74828422026834,208.5,248.00845588235282,43.79999999999998,0.05970760866297134,167.5188,149.4308,165.137,-2.3817999999999984,2.3817999999999984,27.969584894726875,-2.3817999999999984,0.35294117647058826,0,6.7104069386343586,0,0.0,3,-2.2170433953709154,0,-2.2170433953709154,28.695909090909087,0,0,0.39548530069296634,0.21979468576315284,0.3847200135438809,0.39548530069296634,0,10,0
cota,1,31,13,87.82223076923076,162.79187726724055,32.732,61.264923076923075,7.01946775595722,57.684,64.36038461538462,8.027657115024923,59.751,213.44753846153841,161.73808835718287,150.244,741.996,0.006144842981104505,0.7038919309302449,1,112.12307692307694,30.613182178220594,206.1,937.166923076923,104.6,0.0316323739370007,201.0685,302.7655,151.33599999999998,-49.732500000000016,49.732500000000016,252.05388531608043,-41.643399999999986,0.9230769230769231,0,29.610806906975505,0,0.0,3,39.70379132809614,0,39.70379132809614,28.695909090909087,0,0,0.4114464444154535,0.4114464444154535,0.28702567159359643,0.3015278839909501,0,28,0
cota,1,41,17,35.722,6.047866855346602,32.413,62.78964705882354,11.192783053943602,57.199,64.049,10.080617894008284,59.205,162.56064705882352,26.36311086760527,149.262,223.197,0.036545552325480776,0.9181927034652407,2,123.6,15.824269335422727,210.9,250.40750000000003,43.7,0.0594379452719855,167.10660000000001,149.5,165.19379999999998,-1.9128000000000327,1.9128000000000327,28.29517487694089,-1.9128000000000327,0.35294117647058826,0,6.7652579254584095,0,0.0,3,-2.31030542506509,0,-2.31030542506509,28.695909090909087,0,0,0.3940006462746392,0.21974568043564555,0.38625367328971527,0.3940006462746392,0,8,0
cota,1,46,17,35.83911764705882,5.910174964440064,32.531,62.129411764705885,11.191584277141148,56.745,64.24176470588236,10.845465161355525,58.945,162.21029411764707,27.22955052825126,148.63,225.413,0.035423872547996504,0.9162797022746434,2,124.02352941176471,16.34352048258593,208.5,267.11066176470587,45.099999999999994,0.05765842067670562,166.20300000000003,148.805,164.8392,-1.363800000000026,1.363800000000026,29.634394356333097,-1.363800000000026,0.4117647058823529,0,7.507719644977922,0,0.0,3,9.85492117814038,0,9.85492117814038,28.695909090909087,0,0,0.39603999891208763,0.22094231344569049,0.3830176876422219,0.39603999891208763,0,1,1
cota,1,47,17,35.72441176470588,6.270146589781848,32.45,62.794941176470594,11.159458037190854,57.419,64.228,9.479750359318542,59.447,162.74735294117647,25.590624984897246,149.69,223.29500000000002,0.03760723941494316,0.9197691839209456,2,123.3,15.365057761036889,210.1,236.08499999999995,43.39999999999999,0.0611058032670604,167.4848,150.3254,165.5198,-1.9650000000000034,1.9650000000000034,27.438956465823065,-1.9650000000000034,0.35294117647058826,0,6.636269497470818,0,0.0,3,-2.4305839907668876,0,-2.4305839907668876,28.695909090909087,0,0,0.3946485078821197,0.21950840440162572,0.3858430877162546,0.3946485078821197,0,13,0
cota,1,5,17,35.78882352941177,5.997729437413109,32.663,62.68664705882353,10.280918416787824,57.82,64.69441176470589,9.087806542689657,59.768,163.1698823529412,24.183210795101093,150.848,224.242,0.039708995335675415,0.9244843339024503,2,122.71176470588235,14.369102370752897,207.7,206.47110294117653,42.8,0.065065608639772,168.31900000000002,152.2044,166.18900000000002,-2.1299999999999955,2.1299999999999955,26.891347490720257,-2.1299999999999955,0.47058823529411764,0,6.917871233445622,0,0.0,3,-2.641611205269552,0,-2.641611205269552,28.695909090909087,0,0,0.39648500588343866,0.21933473882146648,0.38418025529509475,0.39648500588343866,0,17,0
cota,1,51,14,42.12764285714286,18.919789540247343,33.465,64.16564285714286,11.284136663797224,58.613,66.177,9.572682905016755,60.704,172.4702857142857,32.438898564315245,153.56799999999998,238.496,0.029905291230709466,0.8904026532106566,1,117.3142857142857,17.771622026437246,203.0,315.8305494505495,45.70000000000002,0.05327190152196958,175.69424999999998,153.991,196.91525,21.221000000000004,-21.221000000000004,26.151394687277076,17.07480000000001,0.5,0,-38.28237079347832,0,0.0,3,-44.48255714464105,0,-44.48255714464105,28.695909090909087,0,0,0.38370087766671196,0.24426029494107473,0.3720388273922133,0.38370087766671196,0,27,0
cota,1,55,17,35.99341176470588,6.1948513910628185,32.533,62.27535294117647,11.141266141810231,57.009,64.01829411764707,10.483244880312023,58.918,162.2870588235294,27.121750022976457,148.679,224.57999999999998,0.03555966464330865,0.9161482195673607,2,123.94117647058823,16.283467798027907,206.9,265.1513235294118,44.8,0.05785875911511826,166.6574,148.8492,164.6698,-1.9875999999999863,1.9875999999999863,29.25972828308561,-1.9875999999999863,0.5294117647058824,0,7.351823928550718,0,0.0,4,9.91207164816993,0,9.91207164816993,28.695909090909087,0,0,0.39447565678826196,0.22178855187612362,0.3837357913356144,0.39447565678826196,0,4,0
cota,1,57,17,36.31117647058824,5.990663081363512,33.356,63.577,10.344397807509143,59.073,64.1335294117647,6.331256067298643,60.883,164.02170588235293,22.102055376041122,153.619,227.803,0.043286191800799186,0.9365772607570949,2,121.7,12.65498913472469,203.0,160.14874999999998,41.69999999999999,0.07323330616624191,172.4892,154.3606,167.40800000000002,-5.0811999999999955,5.0811999999999955,26.11072899244038,-5.0811999999999955,0.4117647058823529,0,5.550915248304649,0,0.0,3,-2.950143210089136,0,-2.950143210089136,28.695909090909087,0,0,0.3910063553281506,0.2213803122900879,0.38761333238176154,0.3910063553281506,0,22,0
cota,1,7,17,35.884764705882354,6.015503839345169,32.544,62.02882352941177,11.177559724931545,56.689,64.33694117647059,10.792153807689342,59.129,162.2505294117647,27.25422916062214,148.678,226.121,0.03539293159672174,0.9163483197190693,2,123.97647058823529,16.355562104822503,207.7,267.50441176470594,45.400000000000006,0.057618416157327164,166.1112,148.823,165.17600000000002,-0.9351999999999805,0.9351999999999805,29.669861288786535,-0.9351999999999805,0.35294117647058826,0,7.1134001556778985,0,0.0,3,9.695772527217947,0,9.695772527217947,28.695909090909087,0,0,0.39652838982851135,0.2211688605022226,0.382302749669266,0.39652838982851135,0,2,1
cota,1,71,17,36.11570588235294,7.470922548158844,32.622,62.67388235294117,11.1599184298226,57.263,63.805470588235295,8.48909127290465,59.494,162.5950588235294,26.14531711289468,149.526,228.553,0.036838766548244736,0.9196220419114105,2,123.48823529411766,15.562409933592432,208.5,242.18860294117644,45.499999999999986,0.06037768682272297,168.5072,150.23160000000001,164.5268,-3.980400000000003,3.980400000000003,28.126462309170105,-3.980400000000003,0.5294117647058824,0,7.447371962681738,0,0.0,3,-1.6914707424534343,0,-1.6914707424534343,28.695909090909087,0,0,0.3924194932484744,0.22212056223400178,0.38545994451752386,0.3924194932484744,0,9,0
cota,1,72,17,35.91105882352941,6.238460291516131,32.389,62.33011764705881,11.207345603901672,56.9,64.09958823529414,10.311949694764465,59.238,162.34076470588235,27.015838760645142,148.848,223.362,0.03569409463495114,0.9168861577661804,2,123.87058823529412,16.227475339138646,209.3,263.3309558823529,44.10000000000001,0.05804681070871287,166.719,149.06539999999998,164.56079999999997,-2.158200000000022,2.158200000000022,29.14092867021399,-2.158200000000022,0.47058823529411764,0,7.543862891166114,0,0.0,4,9.820834669921704,0,9.820834669921704,28.695909090909087,0,0,0.39484591779166056,0.22120789493994658,0.3839461872683929,0.39484591779166056,0,5,0
cota,1,73,17,36.25964705882353,5.785123550335556,33.251,63.03029411764707,10.306601657218943,58.193,65.43905882352942,8.484886795580927,60.306,164.729,22.94149219482029,152.063,225.994,0.04176849094712436,0.9231100777640852,2,121.32941176470588,13.357243573520433,203.8,178.41595588235293,42.3,0.0696512526850443,170.9052,152.95139999999998,171.084,0.1787999999999954,-0.1787999999999954,27.051992481069373,0.1787999999999954,0.5294117647058824,0,6.1422093256196675,0,0.0,3,-5.554575821875161,0,-5.554575821875161,28.695909090909087,0,0,0.3972528141585842,0.2201169621549547,0.38263022368646116,0.3972528141585842,0,25,0
cota,1,78,17,35.803000000000004,6.054908969175342,32.617,62.654235294117655,11.308476989240262,57.207,64.0485294117647,9.992200065036021,59.28,162.50576470588234,26.41699288935393,149.293,223.071,0.036473730143771595,0.9186935630880788,2,123.63529411764706,15.882456562842798,206.9,252.25242647058823,43.60000000000001,0.05923308591244569,167.2804,149.469,164.9072,-2.373199999999997,2.373199999999997,28.301447267984365,-2.373199999999997,0.47058823529411764,0,6.982992096569952,0,0.0,3,-2.1064547986596844,0,-2.1064547986596844,28.695909090909087,0,0,0.39413081454485954,0.2203183380281894,0.385550847426951,0.39413081454485954,0,7,0
cota,1,8,17,36.173647058823526,5.842410396629721,33.467,63.28452941176471,10.178648124368278,58.681,64.64811764705883,6.054781146771045,61.245,164.10629411764708,20.928139282926903,153.79,228.304,0.04560350456997476,0.9371365115938126,2,121.47058823529412,12.053721661061905,201.5,145.29220588235296,41.8,0.07660650548287018,173.56960000000004,155.4924,165.908,-7.66160000000005,7.66160000000005,23.058675711829874,-7.66160000000005,0.8823529411764706,0,5.811047144121456,0,0.0,3,-1.5624912320617323,0,-1.5624912320617323,28.695909090909087,0,0,0.393940512730809,0.22042815148144657,0.3856313357877445,0.393940512730809,0,23,0
cota,1,80,17,36.53917647058823,7.637035830701056,32.888,62.39876470588235,7.6075200667613405,58.621,64.86464705882354,7.3119964351500535,60.856,163.8025882352941,19.053344207969182,152.369,224.862,0.04986699423443801,0.9301989769607892,1,121.5,11.438312812648554,206.1,130.8350000000001,41.70000000000002,0.08039675597988638,171.7008,160.76979999999998,161.47420000000002,-10.226599999999962,10.226599999999962,20.698453932500204,-10.226599999999962,0.8235294117647058,0,6.302457333863866,0,0.0,3,2.0018783445684902,0,2.0018783445684902,28.695909090909087,0,0,0.39599280913466856,0.2230683706786217,0.3809388201867096,0.39599280913466856,0,21,0
cota,1,86,17,36.401999999999994,6.431339809868547,33.334,63.18705882352941,10.417666974127341,58.798,64.10188235294119,6.451463931565775,60.845,163.69094117647057,22.774152211088417,153.29399999999998,227.114,0.04206248833275298,0.936484321601756,2,122.0470588235294,13.040136006147463,202.2,170.04514705882352,41.8,0.07122438127110384,172.0672,153.95139999999998,167.19180000000003,-4.875399999999985,4.875399999999985,27.114905911002158,-4.875399999999985,0.29411764705882354,0,6.117590322652513,0,0.0,3,-3.057067876454937,0,-3.057067876454937,28.695909090909087,0,0,0.3916031143338272,0.22238249556373452,0.38601439010243843,0.3916031143338272,0,20,0
cota,1,88,17,35.67658823529412,6.117338709140841,32.399,62.517352941176476,10.417315824752894,57.137,64.5695294117647,9.097752291896382,59.819,162.7634705882353,24.561827314243253,149.418,224.53300000000002,0.03912083387883589,0.9180069671652731,2,123.09411764705882,14.726356923397386,208.5,216.86558823529413,44.10000000000001,0.0635875177494044,168.8482,151.598,164.88939999999997,-3.958800000000025,3.958800000000025,26.454681967470336,-3.958800000000025,0.8823529411764706,0,6.939192527301439,0,0.0,3,-1.8604995953734382,0,-1.8604995953734382,28.695909090909087,0,0,0.39670774516178114,0.21919284533782152,0.3840994095003974,0.39670774516178114,0,12,0
cota,1,89,17,38.178117647058826,14.42609693351927,32.532,61.44958823529412,9.775743885114471,57.304,63.574000000000005,8.482742864191984,59.374,163.20170588235294,24.008756586828657,149.744,222.09300000000002,0.0399859943667359,0.9175394288338249,1,122.71764705882354,14.655725642821206,207.7,214.79029411764708,42.8,0.0638743947623112,180.9692,150.118,162.50500000000002,-18.464199999999977,18.464199999999977,31.61231143610561,-18.464199999999977,0.29411764705882354,0,6.122917544474914,0,0.0,3,0.6036992635725263,0,0.6036992635725263,28.695909090909087,0,0,0.38954249685250547,0.23393209918148922,0.3765254039660052,0.38954249685250547,0,18,0
cota,1,93,17,35.827,6.186911588183559,32.674,62.77088235294118,10.451624729452075,57.626,64.4819411764706,8.790801332007428,59.77,163.07982352941178,24.220570671526545,151.169,223.738,0.0396501733852112,0.9269632302044793,2,122.80588235294117,14.446689525122846,208.5,208.70683823529416,42.30000000000001,0.06473879068868299,169.04500000000002,151.58020000000002,165.7966,-3.2484000000000037,3.2484000000000037,26.53844003453607,-3.2484000000000037,0.47058823529411764,0,7.244196905376921,0,0.0,3,-2.3765471803162836,0,-2.3765471803162836,28.695909090909087,0,0,0.39540109733342427,0.21968996056424187,0.38490894210233384,0.39540109733342427,0,16,0
cota,1,98,17,35.68294117647059,5.993888986611575,32.609,62.83170588235295,11.228054521847865,57.402,64.09517647058823,9.570388381848032,59.458,162.60982352941176,25.572225241058156,149.983,222.97,0.037633280273977464,0.9223489500489624,2,123.41764705882352,15.395422830102687,206.1,237.01904411764704,43.000000000000014,0.06099263253912292,167.61419999999998,150.3882,164.87539999999998,-2.7387999999999977,2.7387999999999977,27.50350869980047,-2.7387999999999977,0.8823529411764706,0,7.684544056559776,0,0.0,3,-1.985309202624752,0,-1.985309202624752,28.695909090909087,0,0,0.39416546355820337,0.2194390252813755,0.38639551116042126,0.39416546355820337,0,11,0
sebring,1,3,19,44.768578947368425,1.4558180715013613,44.083,51.62284210526316,0.6278815584662353,51.081,53.372473684210526,0.36387854634648176,52.949,149.76389473684208,2.2783959487795826,148.603,158.824,0.30502721929370996,0.9922485006223835,1,144.70526315789476,2.0972134115457224,,4.398304093567248,9.400000000000006,0.32287087362860517,150.51600000000002,149.62533333333332,149.27316666666667,-1.2428333333333512,1.2428333333333512,2.487440803644175,-1.450000000000017,0.21052631578947367,0,0.05468256350169673,0,0.0,0,0.0,0,0.0,33.562666666666665,0,0,0.3563774418259759,0.2989277156956529,0.34469484247837123,0.3563774418259759,0,13,0
sebring,1,11,19,44.914,1.56403683531502,44.176,51.874842105263156,0.8243522213200624,51.033,53.416421052631584,0.4559427736739532,52.574,150.20526315789473,2.151107126887224,148.095,157.301,0.3173487792488463,0.9859508041627247,1,144.27894736842103,2.0148280729984633,,4.059532163742702,8.600000000000023,0.33169387301260866,150.45183333333333,149.792,150.59366666666668,0.14183333333335213,-0.14183333333335213,2.606589207013187,0.5010000000000048,0.05263157894736842,0,-2.2633939521356687,0,0.0,0,0.0,0,0.0,33.562666666666665,0,0,0.35562283191422267,0.29901748484529944,0.34535968324047794,0.35562283191422267,0,16,0
sebring,1,113,19,44.53410526315789,1.220409170671726,43.71,51.2931052631579,0.5369297382895174,50.863,52.9511052631579,0.6814122503820718,52.211,148.7783157894737,2.2635651587860592,147.39,157.86599999999999,0.3064133704540367,0.9906685609249789,1,145.66842105263157,2.09312436100755,,4.381169590643264,9.699999999999989,0.32329770267441216,149.82899999999998,148.442,148.14633333333333,-1.6826666666666483,1.6826666666666483,2.5071481865681045,-1.900199999999984,0.10526315789473684,0,0.031802880159409526,0,0.0,0,0.0,0,0.0,33.562666666666665,0,0,0.35590606723956664,0.2993319626374528,0.3447619701229806,0.35590606723956664,0,11,0
sebring,1,13,19,43.829052631578946,0.66426036341886,43.18,50.48894736842105,0.23818584566683038,50.097,52.15684210526315,0.15793151228649577,51.919,146.47484210526315,0.7922055192911241,145.437,148.993,0.5579717221245545,0.9929145367877079,1,147.93157894736842,0.7986465158691533,,0.6378362573099376,3.5999999999999943,0.5559736119227261,146.38333333333333,146.1736666666667,146.85000000000002,0.466666666666697,-0.466666666666697,0.7691288616885652,0.44720000000000937,0.15789473684210525,0,-0.7176371584558208,0,0.0,0,0.0,0,0.0,33.562666666666665,0,0,0.3560805484110438,0.29922580561705947,0.3446936459718967,0.3560805484110438,0,1,1
sebring,1,15,19,44.299,1.0275682729412945,43.467,51.1768947368421,0.5670546607727455,50.839,52.882,0.2937691837707506,52.091,148.35789473684213,1.6049020009796682,146.855,154.507,0.3838916011519488,0.9898698027529443,1,146.06842105263158,1.5384164410844154,,2.366725146198839,7.300000000000011,0.3939463926465897,148.88066666666668,147.84866666666667,148.49583333333334,-0.3848333333333471,0.3848333333333471,1.7485812699203744,-0.5878000000000156,0.15789473684210525,0,-0.5790762026393961,0,0.0,0,0.0,0,0.0,33.562666666666665,0,0,0.35644884347949485,0.29859550163190013,0.3449556548886051,0.35644884347949485,0,9,0
sebring,1,16,19,43.88742105263158,0.7653088930323406,43.436,50.8847894736842,0.26908354319128114,50.449,52.19521052631579,0.21394744394811005,51.902,146.96742105263158,0.7831734812634973,146.11599999999999,149.344,0.560797931613156,0.9942067361151647,1,147.43684210526317,0.776180481815203,,0.6024561403508807,3.200000000000017,0.5630058489202798,147.20466666666667,146.43383333333335,147.30499999999998,0.10033333333331029,-0.10033333333331029,0.980144935594347,0.054600000000021964,0.05263157894736842,0,-0.18751022872594766,0,0.0,0,0.0,0,0.0,33.562666666666665,0,0,0.3551481692505429,0.2986200665310358,0.3462317642184215,0.3551481692505429,0,4,0
sebring,1,2,19,44.27642105263158,0.8927096900130937,43.671,50.831842105263156,0.3671155227139598,50.425,52.580052631578944,0.30514121934391314,52.105,147.6883157894737,1.2361415800174178,146.334,150.949,0.4471988754809571,0.9908299056547963,2,146.7315789473684,1.2142911199447208,,1.4745029239766043,4.599999999999994,0.45161180072156215,147.49633333333333,147.33333333333334,148.26033333333336,0.7640000000000384,-0.7640000000000384,1.3062099191711785,0.7839999999999918,0.10526315789473684,0,-2.207814608147023,0,0.0,0,0.0,0,0.0,33.562666666666665,0,0,0.3560203957267047,0.299796370592692,0.34418323368060333,0.3560203957267047,0,7,0
sebring,1,21,19,44.67326315789474,1.0745074759113933,43.916,51.28910526315789,0.5017935492629131,50.915,52.80342105263157,0.43850722986431384,52.2,148.7657894736842,1.6664732747447832,147.3,154.872,0.3750271977114465,0.9901469989917038,1,145.6736842105263,1.5817859474738438,,2.502046783625726,7.199999999999989,0.38732877951344225,149.19533333333337,148.11533333333338,149.00933333333333,-0.18600000000003547,0.18600000000003547,2.079354270682737,-0.8442000000000291,0.3684210526315789,0,0.048256708708502405,0,0.0,0,0.0,0,0.0,33.562666666666665,0,0,0.3549433054430312,0.3002925828306593,0.34476411172630944,0.3549433054430312,0,10,0
sebring,1,31,16,44.745875,1.6442156336685285,43.716,51.474875,0.4135046755076261,50.973,53.6085,3.250196240229194,52.422,149.82925,4.562601414398002,147.222,165.528,0.17977200333132665,0.9825985246538977,1,144.73749999999998,4.0793586097163175,,16.64116666666665,16.299999999999983,0.1968752507623891,149.43,147.851,152.4056,2.975599999999986,-2.975599999999986,4.785599796214037,2.975599999999986,0.1875,0,-10.477760517388953,0,0.0,0,0.0,0,0.0,33.562666666666665,0,0,0.3577972925847256,0.298645791792991,0.34355691562228335,0.3577972925847256,0,21,0
sebring,1,41,19,48.30715789473684,11.02788483931709,43.96,51.532,0.6963524012069372,50.812,53.859315789473676,3.166062030918808,52.313,153.69847368421057,14.500372337627214,147.339,207.891,0.06451457927707299,0.9586237030741322,1,141.92105263157896,10.528457676821974,,110.84842105263155,42.89999999999999,0.0867418719860945,149.00583333333333,148.39716666666666,164.51416666666668,15.508333333333354,-15.508333333333354,17.26879331185918,18.141999999999996,0.15789473684210525,0,1.26577293682679,0,0.0,0,0.0,0,0.0,33.562666666666665,0,0,0.35042193001950844,0.3142982278014609,0.3352798421790307,0.35042193001950844,0,19,0
sebring,1,46,19,43.80215789473684,0.8603674449622534,43.194,50.81289473684211,0.20370236859388735,50.453,52.30763157894737,0.23278130187565282,51.923,146.9226842105263,0.9055975346349218,145.713,150.079,0.5247697805148462,0.9917665252508391,1,147.47894736842105,0.8885562243002333,,0.7895321637426864,4.299999999999983,0.5295050193014667,147.15616666666668,146.3905,147.24716666666666,0.09099999999997976,-0.09099999999997976,1.1447321931865353,0.004400000000003956,0.05263157894736842,0,-0.12477024256581594,0,0.0,0,0.0,0,0.0,33.562666666666665,0,0,0.3560214806856883,0.29813066736496924,0.34584785194934253,0.3560214806856883,0,2,1
sebring,1,47,19,45.22105263157895,1.3202863104343951,44.218,51.41363157894737,0.49633984890801935,50.785,54.51531578947368,6.26746705041759,52.49,151.15000000000003,6.167828746361594,147.724,175.504,0.1395122617162976,0.9773337743962948,1,143.56842105263155,5.148360324908087,,26.505614035087703,23.19999999999999,0.16264498942080938,154.419,148.92766666666665,150.00383333333335,-4.415166666666664,4.415166666666664,9.561114180328618,-0.13880000000000337,0.15789473684210525,0,0.7793582533906883,0,0.0,0,0.0,0,0.0,33.562666666666665,0,0,0.36067029963264097,0.2991799710987691,0.3401497292685899,0.36067029963264097,0,17,0
sebring,1,5,6,59.68966666666666,35.35686518155516,43.69,51.70466666666667,1.5184711609598214,50.788,58.401666666666664,8.554200738038983,52.654,169.796,34.22709890130918,147.775,235.711,0.02838723684858522,0.8703090767744824,0,131.1833333333333,21.45613354420285,,460.3656666666667,54.69999999999999,0.04453126349785867,206.167,147.9225,155.2985,-50.86850000000001,50.86850000000001,53.168895388187266,-2.9324000000000012,0.5,0,4.614360762326545,0,0.0,0,0.0,0,0.0,33.562666666666665,0,0,0.35153753131208426,0.35153753131208426,0.3045105106519981,0.3439519580359176,0,22,0
sebring,1,51,19,45.255526315789474,1.4791187454555148,44.49,52.0428947368421,0.6190341845467237,51.296,54.05126315789473,3.5738223676883374,52.732,151.34968421052633,4.00300699547827,148.789,165.764,0.1998797924735669,0.9830810072456811,1,143.2526315789474,3.539831826051226,,12.530409356725158,14.900000000000006,0.22027247667229255,151.6,149.47916666666666,153.1585,1.5585000000000093,-1.5585000000000093,5.4291273182629025,1.9472000000000378,0.10526315789473684,0,0.40745655581846246,0,0.0,0,0.0,0,0.0,33.562666666666665,0,0,0.35712835107544605,0.2990130210832774,0.3438586278412766,0.35712835107544605,0,18,0
sebring,1,55,19,44.15273684210526,1.0323904753373367,43.587,51.062157894736835,0.674551971736129,50.561,52.48894736842105,0.26099073497480746,52.217,147.70384210526313,1.7975615354374421,146.596,154.019,0.35745415689082766,0.9924995715109861,1,146.7210526315789,1.7235554168212326,,2.970643274853813,7.100000000000023,0.3671671205306844,148.06283333333334,147.0815,148.0665,0.003666666666646279,-0.003666666666646279,1.7550050937490087,-0.07200000000003115,0.15789473684210525,0,-2.107025687604623,0,0.0,0,0.0,0,0.0,33.562666666666665,0,0,0.35536616123373477,0.29892747685357574,0.3457063619126894,0.35536616123373477,0,8,0
sebring,1,7,19,43.91778947368421,0.5904974907226178,43.439,50.66505263157895,0.22860506305373268,50.42,52.37473684210526,0.27224209857022114,51.939,146.95757894736843,0.606860712170932,146.184,148.603,0.6223314767892736,0.9947360391147606,1,147.46315789473684,0.6084685021664243,,0.3702339181286519,2.3999999999999773,0.6217094078330497,146.91966666666667,146.51966666666667,147.38750000000002,0.46783333333334554,-0.46783333333334554,0.6196068013145906,0.48119999999997276,0.47368421052631576,0,-0.2255215790879696,0,0.0,0,0.0,0,0.0,33.562666666666665,0,0,0.3563935743719813,0.29884671337306795,0.34475971225495083,0.3563935743719813,0,3,1
sebring,1,71,19,44.62521052631579,1.4590511596752556,43.92,51.333210526315796,0.41472649339954815,50.847,53.012947368421045,0.37791496305153843,52.602,148.9713684210526,1.9967942700050882,147.716,156.816,0.33368990658084186,0.9915730892831405,1,145.47368421052633,1.8600603649891372,,3.4598245614035226,8.5,0.3496429698622106,149.74816666666666,148.68016666666665,148.63133333333334,-1.116833333333318,1.116833333333318,2.3327644852815417,-1.3149999999999977,0.05263157894736842,0,0.2251227364071207,0,0.0,0,0.0,0,0.0,33.562666666666665,0,0,0.35585997450587464,0.2995556193065711,0.34458440618755426,0.35585997450587464,0,12,0
sebring,1,72,19,44.07421052631578,0.918823134893965,43.43,50.77863157894737,0.1963356566150926,50.498,52.331947368421055,0.26815676875958033,51.991,147.18478947368422,1.114865242427056,146.12,151.174,0.47284336606354294,0.9927656283132803,1,147.2263157894737,1.1004252234998122,,1.2109356725146119,5.0,0.47609407314856,147.2835,146.67533333333333,147.594,0.31049999999999045,-0.31049999999999045,1.1910365837332046,0.29220000000000823,0.10526315789473684,0,-0.3065605677932163,0,0.0,0,0.0,0,0.0,33.562666666666665,0,0,0.3555526869016429,0.2994481337638221,0.3449991793345351,0.3555526869016429,0,6,0
sebring,1,78,19,43.959894736842095,1.023002872524306,43.43,50.82915789473684,0.2970958063128041,50.561,52.34505263157895,0.23820403804866555,51.933,147.1341052631579,1.1566477853760029,146.253,151.568,0.4636825756996078,0.9940115497927419,1,147.28947368421055,1.125904444752507,,1.267660818713451,5.199999999999989,0.47038802824292403,147.61300000000003,146.84799999999998,146.97883333333334,-0.6341666666666868,0.6341666666666868,1.3970979223286994,-0.6388000000000318,0.3157894736842105,0,0.03745240646913586,0,0.0,0,0.0,0,0.0,33.562666666666665,0,0,0.35576423656470935,0.2987743369099725,0.3454614265253181,0.35576423656470935,0,5,0
sebring,1,80,19,44.99205263157894,1.6938328158903806,44.21,51.869263157894736,0.6220675956576194,51.229,53.17131578947368,0.42543651473536576,52.517,150.03263157894736,2.42740014580132,148.554,159.377,0.29176634109239724,0.9901446001220787,1,144.46315789473684,2.2149016848799885,,4.905789473684211,9.900000000000006,0.3110515026643279,150.71116666666668,149.944,149.60866666666666,-1.1025000000000205,1.1025000000000205,2.5810628504374953,-1.3882000000000119,0.10526315789473684,0,-0.09089250759485228,0,0.0,0,0.0,0,0.0,33.562666666666665,0,0,0.3543983414134469,0.29988178010397737,0.34571987848257574,0.3543983414134469,0,15,0
sebring,1,88,19,44.6648947368421,1.380277302844807,43.616,51.722473684210534,0.5043016478723668,50.861,53.52657894736842,0.6926733490044593,52.485,149.91394736842105,2.0402222774787266,147.188,154.33100000000002,0.3289233183401661,0.981816586006358,1,144.55263157894734,1.960546528409485,,3.843742690058483,6.799999999999983,0.3377754716583485,148.9595,149.86616666666666,150.8745,1.9150000000000205,-1.9150000000000205,2.2490504786588414,1.7382000000000062,0.10526315789473684,0,-0.7618054568147093,0,0.0,0,0.0,0,0.0,33.562666666666665,0,0,0.35704869284659796,0.2979368865998564,0.3450144205535457,0.35704869284659796,0,14,0
sebring,1,98,18,50.063,20.504361983561964,43.774,52.79266666666666,4.943300719155167,50.778,55.31883333333333,9.424090664511942,51.929,158.1745,24.841652621566627,147.013,235.527,0.03869721548556966,0.9294355284827833,2,139.35555555555555,15.897880814092327,,252.74261437908493,55.400000000000006,0.05917901842259593,175.3405,150.5198333333333,148.66316666666668,-26.67733333333331,26.67733333333331,27.29499314259689,-31.991799999999984,0.7222222222222222,0,5.37728900676151,0,0.0,0,0.0,0,0.0,33.562666666666665,0,0,0.3497329426256023,0.3165048727829075,0.3337621845914902,0.3497329426256023,0,20,0
sebring,2,3,16,46.0281875,5.524158750057183,43.811,52.91775,6.402283910189135,50.894,54.75675,6.492818550778493,52.627,153.7026875,18.292984858386742,147.574,221.261,0.05183231145103479,0.9601263478232936,1,142.325,12.197185467694313,,148.77133333333333,48.900000000000006,0.07577373239528401,165.726,148.0238,148.584,-17.141999999999996,17.141999999999996,25.14851089598973,-17.141999999999996,0.625,0,3.0940822033446835,0,0.0,1,4.7156099461897405,0,4.7156099461897405,30.01473684210527,0,0,0.35625109027452756,0.29946247686788174,0.34428643285759075,0.35625109027452756,0,16,0
sebring,2,11,16,45.9105625,5.513194608920796,43.816,53.0999375,6.300890460548677,50.814,54.646125,6.659883160887033,52.404,153.656625,18.36879556884446,147.381,221.59199999999998,0.05162943645337157,0.9591581228599809,1,142.38125000000002,12.210936013808825,,149.10695833333335,49.2,0.0756948636307634,165.3432,148.1606,148.696,-16.647199999999998,16.647199999999998,25.427832382946793,-16.647199999999998,0.1875,0,3.0051584173477743,0,0.0,1,4.313358146196062,0,4.313358146196062,30.01473684210527,0,0,0.3556379362100397,0.2987867428430111,0.34557532094694904,0.3556379362100397,0,15,0
sebring,2,113,16,45.430062500000005,5.346280669384403,43.402,52.7115625,6.463702364937609,50.587,55.5671875,8.067988210359506,51.903,153.7088125,18.785441101089422,146.076,221.44299999999998,0.05054221409018464,0.9503423884691061,1,142.41250000000002,12.740951037239462,,162.33183333333332,50.400000000000006,0.07277516652885903,163.9578,150.67159999999998,147.6634,-16.294399999999996,16.294399999999996,27.088829708940914,-16.294399999999996,0.5,0,3.1766639925085625,0,0.0,1,2.3264348504904424,0,2.3264348504904424,30.01473684210527,0,0,0.3615094450098624,0.29555925754094287,0.34293129744919465,0.3615094450098624,0,17,0
sebring,2,13,16,44.833999999999996,5.2998436329134595,43.049,51.96362500000001,6.760537373858185,49.97,54.0980625,7.797127372468656,51.8,150.8956875,19.8442292928994,145.055,225.178,0.04797490883199269,0.9612932112456826,1,145.20625,13.121304241575986,,172.16862499999996,53.2,0.07081498867900579,162.684,145.275,145.8474,-16.836600000000004,16.836600000000004,29.029925926779175,-16.836600000000004,0.3125,0,2.925655181497492,0,0.0,1,-0.6347873042538993,0,-0.6347873042538993,30.01473684210527,0,0,0.35851297937192533,0.29711916054592347,0.34436786008215114,0.35851297937192533,0,1,1
sebring,2,15,16,45.3153125,5.097691826944819,43.324,52.636937499999995,6.69809793367988,50.531,54.39075,7.186373452583717,51.984,152.343,18.918969231963988,145.839,222.869,0.050203401007081185,0.9573068667414979,1,143.6875,12.55520476402781,,157.63316666666663,51.39999999999999,0.07377240089015512,163.5962,146.4866,148.12779999999998,-15.468400000000031,15.468400000000031,27.373162768007088,-15.468400000000031,0.5,0,1.7539368398941844,0,0.0,1,1.4156173895020612,0,1.4156173895020612,30.01473684210527,0,0,0.35702821921584843,0.2974558233722587,0.3455159574118929,0.35702821921584843,0,11,0
sebring,2,16,16,45.001125,5.2465650969626445,43.288,52.44075,6.665508287695194,50.22,53.963750000000005,7.621279573230031,51.744,151.40562500000001,19.498080773501783,145.299,224.339,0.04878505510099838,0.9596671193689138,1,144.68125,12.892644867003305,,166.22029166666667,52.5,0.07198053427357952,163.12759999999997,145.7796,146.29539999999997,-16.8322,16.8322,28.48744360658034,-16.8322,0.375,0,3.2895904627057306,0,0.0,1,-0.02862837071537168,0,-0.02862837071537168,30.01473684210527,0,0,0.35641839594797087,0.29722227955533354,0.34635932449669554,0.35641839594797087,0,4,0
sebring,2,2,16,45.19725,5.160139151870488,43.362,52.342124999999996,6.884070684074456,50.255,54.2104375,7.1184904108361815,51.787,151.7498125,19.094449456037392,145.818,222.922,0.04976498620615601,0.9609105777313565,1,144.29375000000002,12.719930227796063,,161.79662499999998,51.39999999999999,0.07288666803669581,163.55,146.2754,146.4192,-17.130800000000022,17.130800000000022,27.306057757696667,-17.130800000000022,0.5,0,3.288183634493782,0,0.0,1,2.0497275776710486,0,2.0497275776710486,30.01473684210527,0,0,0.3572356143767888,0.2978405657008637,0.3449238199223475,0.3572356143767888,0,7,0
sebring,2,21,16,45.527249999999995,5.464121991073526,43.625,52.725125000000006,6.271544306096651,50.706,54.314125,6.743740316026409,52.016,152.56650000000002,18.408816478343564,146.513,220.79500000000002,0.05152297674182267,0.9603222201466245,1,143.40625,12.36227965762518,,152.82595833333335,49.80000000000001,0.07483752964482751,164.0606,147.119,147.55720000000002,-16.50339999999997,16.50339999999997,25.6522271816884,-16.50339999999997,0.3125,0,3.130110476415217,0,0.0,1,3.893246435022049,0,3.893246435022049,30.01473684210527,0,0,0.356002956088001,0.2984092182753094,0.3455878256366896,0.356002956088001,0,12,0
sebring,2,31,15,55.190400000000004,36.721929232311,43.663,55.45600000000001,10.496329004534328,50.933,55.81453333333334,7.729293664519478,52.013,166.46093333333332,41.15161933364168,146.914,292.364,0.02372388097559727,0.8825734486650322,1,135.32,22.65398735007025,,513.2031428571429,73.4,0.042276170406298545,164.7266,147.71460000000002,186.94160000000002,22.215000000000032,-22.215000000000032,38.862412977574614,22.215000000000032,0.2,0,-75.63520409593603,0,0.0,1,-5.834769168398105,0,-5.834769168398105,30.01473684210527,0,0,0.3353010956724981,0.3315516673782117,0.33314723694929027,0.3353010956724981,0,20,0
sebring,2,41,16,45.907562500000004,5.3652186158471995,43.851,53.94325,7.2826981218044,50.67,54.469,6.727759260457129,52.028,154.3198125,18.50923214405449,146.549,221.328,0.05125778362859625,0.949644751544783,1,141.80625,12.49130197377359,,156.03262499999997,50.0,0.07412183063902576,168.2212,148.1616,147.6724,-20.5488,20.5488,26.19547647282056,-20.5488,0.1875,0,4.313647348424558,0,0.0,1,2.956461839267297,0,2.956461839267297,30.01473684210527,0,0,0.3529618078041664,0.29748327033510363,0.34955492186072995,0.3529618078041664,0,18,0
sebring,2,46,16,44.905875,5.1288317171977225,43.07,52.461375,6.64800546404709,50.411,54.109375,7.469136923589857,51.782,151.476625,19.202657697568846,145.537,223.155,0.04949843802582164,0.9607885044969809,1,144.5625,12.780082159360324,,163.33050000000003,51.80000000000001,0.07256850782422478,163.25039999999998,145.8142,146.418,-16.83239999999998,16.83239999999998,27.73081149414509,-16.83239999999998,0.5625,0,3.4194219735223275,0,0.0,1,1.3367318778696953,0,1.3367318778696953,30.01473684210527,0,0,0.3572127052606301,0.2964541558804865,0.3463331388588833,0.3572127052606301,0,6,0
sebring,2,47,13,46.048846153846156,5.870253442089106,43.553,53.31138461538462,7.064434874053521,50.715,55.095923076923086,7.417625849528255,52.461,154.45615384615385,20.26973166179133,147.174,221.324,0.04701516765236804,0.9528529381004318,1,141.90769230769232,13.456501621797393,,181.07743589743586,49.29999999999998,0.0691730285902786,168.65075000000002,147.6775,148.57625,-20.07450000000003,20.07450000000003,29.179342856512026,-16.093600000000038,0.23076923076923078,0,3.576519101761528,0,0.0,1,2.084881080131473,0,2.084881080131473,30.01473684210527,0,0,0.35670914822727884,0.2981353931660964,0.34515545860662467,0.35670914822727884,0,21,0
sebring,2,5,16,46.007,5.620022977414478,43.633,53.626,6.974182169497246,50.85,54.7450625,6.465016550313953,52.401,154.3780625,18.332169976914894,147.05,221.135,0.05172725054632403,0.9525317109093788,1,141.71875,12.321537715182576,,151.82029166666663,49.400000000000006,0.07506640910232898,167.63719999999998,148.1292,148.65759999999997,-18.979600000000005,18.979600000000005,25.722580156075207,-18.979600000000005,0.1875,0,2.82881027866249,0,0.0,1,4.503328514793744,0,4.503328514793744,30.01473684210527,0,0,0.35461685173047175,0.29801514059032835,0.3473680076791999,0.35461685173047175,0,19,0
sebring,2,51,16,45.918625,5.403660227105327,43.923,52.9833125,6.361682122612437,50.932,54.7516875,6.724020481019273,52.377,153.65362499999998,18.397255265845136,147.465,221.778,0.051553685626894295,0.9597235340201055,1,142.38125000000002,12.213501750112455,,149.169625,49.2,0.07568016555425888,165.6068,147.7558,148.76820000000004,-16.838599999999957,16.838599999999957,25.443985350082997,-16.838599999999957,0.3125,0,2.610823532474409,0,0.0,1,3.9201083276912616,0,3.9201083276912616,30.01473684210527,0,0,0.35633189584690894,0.2988450484002574,0.3448230557528337,0.35633189584690894,0,14,0
sebring,2,55,16,45.30225,5.157673861991148,43.459,52.51475,6.749956518378472,50.343,54.068124999999995,7.024797428870577,51.791,151.885125,18.89244457051548,145.882,222.16899999999998,0.05027034241343052,0.9604758859697421,1,144.125,12.638380697963909,,159.7286666666667,51.0,0.07332248762855632,163.77479999999997,146.33919999999998,146.626,-17.148799999999966,17.148799999999966,26.512296116725768,-17.148799999999966,0.5625,0,3.334181013446834,0,0.0,1,2.6575761077513533,0,2.6575761077513533,30.01473684210527,0,0,0.3559803832007907,0.29826653531739855,0.3457530814818106,0.3559803832007907,0,9,0
sebring,2,7,16,45.033312499999994,5.260382124507052,43.382,52.2768125,6.686789436082163,50.194,54.0830625,7.744483218986707,51.719,151.3931875,19.661526876004142,145.4,224.992,0.04839913361685669,0.9604130965272133,1,144.69375000000002,12.957390105007004,,167.89395833333342,52.7,0.07164663253492248,162.7882,146.0276,146.364,-16.424199999999985,16.424199999999985,28.88247903355613,-16.424199999999985,0.375,0,3.023377455475008,0,0.0,1,-0.5917099500967424,0,-0.5917099500967424,30.01473684210527,0,0,0.35723577390164923,0.29745930608667576,0.34530492001167484,0.35723577390164923,0,3,1
sebring,2,71,16,45.378750000000004,5.380102148968302,43.347,52.619249999999994,6.473327124954113,50.553,54.3368125,6.881298745815841,52.007,152.3348125,18.667707887217976,146.129,221.663,0.05084476573144037,0.9592620202949341,1,143.675,12.478060746766701,,155.70199999999997,50.500000000000014,0.07419465001594487,163.76479999999998,146.6012,147.8574,-15.907399999999967,15.907399999999967,26.29532390115526,-15.907399999999967,0.5625,0,1.6127715390072195,0,0.0,1,2.9343394363439934,0,2.9343394363439934,30.01473684210527,0,0,0.3566933362654712,0.2978882453411626,0.34541841839336623,0.3566933362654712,0,10,0
sebring,2,72,16,45.075562500000004,5.147295522488809,43.291,52.267624999999995,6.697138054174087,50.199,54.0245625,7.580471277950557,51.702,151.36775,19.385491311803264,145.338,223.826,0.04905449590125879,0.9601648964194817,1,144.6875,12.859905391046494,,165.37716666666668,52.3,0.07215056465291607,162.8868,145.87220000000002,146.3178,-16.56899999999999,16.56899999999999,28.157252336188797,-16.56899999999999,0.375,0,2.9463013092286734,0,0.0,1,0.5902371723277112,0,0.5902371723277112,30.01473684210527,0,0,0.35690933174338657,0.2977884159604672,0.34530225229614625,0.35690933174338657,0,2,1
sebring,2,78,16,44.9208125,5.1343158871622485,43.197,52.4284375,6.650539887545473,50.231,54.1140625,7.425010531698479,51.84,151.4633125,19.170070630086368,145.469,222.969,0.0495784084418805,0.9604239970652959,1,144.58125,12.777335076872118,,163.2602916666666,51.8,0.07258297736248649,163.2174,145.792,146.423,-16.794399999999996,16.794399999999996,27.5335767378841,-16.794399999999996,0.3125,0,2.990369367499475,0,0.0,1,1.7004402805841052,0,1.7004402805841052,30.01473684210527,0,0,0.3572750496923141,0.29657883324055784,0.34614611706712806,0.3572750496923141,0,5,0
sebring,2,88,16,45.6968125,5.455223456697259,43.448,53.192499999999995,6.358280071423929,50.916,54.724999999999994,6.598192924329104,52.272,153.61431249999998,18.271749023082055,147.152,221.219,0.05188942626859064,0.9579315729450666,1,142.4125,12.18730897286189,,148.53049999999993,49.400000000000006,0.07583048232644704,164.674,147.73579999999998,149.38299999999998,-15.291000000000025,15.291000000000025,25.719597156365307,-15.291000000000025,0.4375,0,2.839782588617824,0,0.0,1,3.66097958602078,0,3.66097958602078,30.01473684210527,0,0,0.35624935664767565,0.2974775706527997,0.3462730726995247,0.35624935664767565,0,13,0
sebring,2,98,16,45.217,5.235356543095544,43.425,52.425375,6.593252812534948,50.42,54.1203125,7.224969985808475,51.858,151.7626875,19.00305298180181,146.075,222.573,0.04999236871040488,0.9625224909120036,1,144.26250000000002,12.661062356690294,,160.30249999999998,50.900000000000006,0.0732007492455567,163.6368,146.342,146.42440000000002,-17.212399999999974,17.212399999999974,27.024911566394234,-17.212399999999974,0.5,0,3.4505764139159623,0,0.0,1,2.169849077552709,0,2.169849077552709,30.01473684210527,0,0,0.3566114529963104,0.29794543536928336,0.3454431116344062,0.3566114529963104,0,8,0
sonoma,1,3,46,42.23319565217391,7.632030734912389,38.404,41.085869565217386,6.671228271411147,37.487,40.8193695652174,4.877336273731097,37.929,124.13843478260873,18.789798164195584,114.17099999999999,175.985,0.05053108635585966,0.9197071011885746,6,113.30217391304348,13.509264132117057,187.2,182.5002173913044,42.5,0.06892148291562525,140.90806666666668,117.10106666666667,114.95053333333333,-25.95753333333336,25.95753333333336,11.61820355461048,-22.66319999999999,0.9130434782608695,0,7.478694893218813,0,0.5112654235652354,6,16.7632121285439,0,16.7632121285439,16.003777777777778,0,0,0.3402104733004948,0.3402104733004948,0.3309681617717106,0.32882136492779457,0,999,0
sonoma,1,11,23,42.61908695652174,7.326837808005725,38.634,41.134217391304354,6.992396942111298,37.686,40.8201304347826,5.014289384116954,37.941,124.57343478260869,18.285759351886345,114.517,169.448,0.05185173068656951,0.9192730392305709,3,112.78695652173913,13.342730548805358,184.3,178.02845849802372,39.2,0.06972173092126398,141.36542857142857,119.87714285714286,115.11285714285714,-26.25257142857143,26.25257142857143,15.324811742521442,-15.725999999999999,0.9130434782608695,0,7.852344121103348,0,0.38820162287141924,3,17.07524344202159,0,17.07524344202159,16.003777777777778,0,0,0.34212018823191076,0.34212018823191076,0.3302005557050513,0.327679256063038,0,999,0
sonoma,1,113,23,41.67026086956522,7.575217207911308,37.78,40.75339130434782,6.774875374493686,37.242,40.911043478260865,5.762487542706006,37.663,123.3346956521739,19.611151371870925,113.303,176.865,0.04851742544401233,0.9186628255810101,3,114.17826086956525,14.176195044117224,188.2,200.96450592885375,43.900000000000006,0.06589266921603197,139.79128571428572,118.60085714285712,114.20299999999999,-25.588285714285732,25.588285714285732,17.575798008521932,-12.602199999999996,0.5217391304347826,0,7.3075103518245434,0,0.039597979746444814,3,16.922620099965354,0,16.922620099965354,16.003777777777778,0,0,0.3378632480440287,0.3378632480440287,0.3304292526028502,0.3317074993531211,0,999,0
sonoma,1,12,23,43.94847826086957,8.251108244403873,39.054,41.66647826086956,6.765750034814828,38.063,40.751999999999995,3.7529557563460436,38.383,126.36695652173913,17.579519862298085,116.14500000000001,170.405,0.053822704107075396,0.9191089442754712,3,111.0,12.493088998613302,185.2,156.07727272727274,37.900000000000006,0.07411201394304677,141.2432857142857,122.03271428571429,118.50914285714285,-22.734142857142842,22.734142857142842,16.22390873850723,-13.561999999999983,0.9130434782608695,0,7.6024277122527835,0,0.8697413408594462,3,15.140346747203138,0,15.140346747203138,16.003777777777778,0,0,0.3477845749439177,0.3477845749439177,0.3297260566190941,0.32248936843698817,0,999,0
sonoma,1,13,23,40.62317391304348,6.771658489295822,37.394,40.4165652173913,7.237673859278315,36.928,40.88852173913043,6.822890149206734,37.315,121.92826086956524,20.096042878721153,111.72399999999999,175.083,0.0474022548090602,0.9163093051865849,2,115.67391304347827,14.896589524003149,190.1,221.90837944664034,44.8,0.06290657492854326,138.628,117.79271428571428,112.19685714285716,-26.43114285714283,26.43114285714283,17.568890732956934,-13.192599999999985,0.6956521739130435,0,7.694492484889554,0,0.7431692270270629,3,17.31675779784746,0,17.31675779784746,16.003777777777778,0,0,0.33534901135735556,0.3331727494784888,0.3314782391641557,0.33534901135735556,0,999,0
sonoma,1,14,23,41.949652173913044,7.528952665354866,38.12,40.95645454545455,6.84902646350819,37.243,41.25018181818182,5.613261751350767,37.839,124.21717391304351,19.255376580090733,113.568,176.93099999999998,0.04936960791846806,0.9142697134576712,3,113.2869565217391,13.813639647689003,187.2,190.81664031620556,43.60000000000001,0.06750535477997838,140.03985714285713,120.20357142857144,115.22014285714286,-24.81971428571427,24.81971428571427,17.700533457610323,-11.921199999999999,0.391304347826087,0,6.970593228199576,0,0.031819805153395844,3,16.241881137920934,0,16.241881137920934,16.003777777777778,0,0,0.3378777882944361,0.3378777882944361,0.32987821259708333,0.33224399910848057,0,999,0
sonoma,1,15,23,41.95539130434782,8.086001752406498,38.034,40.97382608695652,6.684222139093155,37.487,40.8345652173913,5.115856427245562,37.828,123.76378260869568,19.447588843201856,113.85499999999999,177.036,0.0489055217056786,0.9199379463051456,3,113.75217391304346,13.981639569781812,186.2,195.48624505928856,43.30000000000001,0.06674836858423792,140.2175714285714,119.20585714285714,114.46757142857143,-25.74999999999997,25.74999999999997,17.476369375462944,-13.323399999999992,0.9565217391304348,0,7.869654921173488,0,0.23900209204105877,3,16.868300590001436,0,16.868300590001436,16.003777777777778,0,0,0.3389957095687542,0.3389957095687542,0.331064752735488,0.32993953769575773,0,999,0
sonoma,1,16,23,40.812739130434785,6.993749541992941,37.463,40.436130434782605,6.995661501663,37.022,40.83504347826088,6.637684176374803,37.263,122.08391304347825,19.993255662650213,112.119,174.922,0.04763434581417177,0.918376526480361,3,115.49130434782607,14.793945722474637,190.1,218.86083003952564,44.2,0.06331540057004308,139.007,117.62657142857142,112.37128571428572,-26.635714285714286,26.635714285714286,17.32837478159532,-13.782800000000009,0.4782608695652174,0,8.091084891717387,0,0.10182337649085665,3,17.500512564115486,0,17.500512564115486,16.003777777777778,0,0,0.33448340948670374,0.3343007126246024,0.3312158778886937,0.33448340948670374,0,999,0
sonoma,1,17,23,41.92021739130434,7.483235876134442,38.155,40.92773913043479,6.717652364665063,37.368,41.14026086956521,5.580791441244865,37.703,123.98821739130436,19.279025159145274,113.277,176.742,0.049312035078226034,0.9136110058143673,3,113.50869565217393,13.852860323068112,187.2,191.90173913043475,43.8,0.06732709917475564,139.86642857142854,119.62085714285715,115.16514285714285,-24.70128571428569,24.70128571428569,17.62138962862245,-12.148199999999989,0.13043478260869565,0,7.561780940615337,0,0.1916259377015449,3,16.319090152339218,0,16.319090152339218,16.003777777777778,0,0,0.33809839574517775,0.33809839574517775,0.33009377819561403,0.3318078260592083,0,999,0
sonoma,1,2,23,40.6624347826087,6.852289881532549,37.443,40.46326086956522,7.089977293317858,37.06,40.88860869565218,6.752975907897807,37.301,122.01430434782607,20.017151346770742,112.039,175.178,0.04758018741458265,0.918244795959419,2,115.5782608695652,14.814978799780464,190.1,219.4835968379446,44.39999999999999,0.06323119446823929,138.9074285714286,117.68557142857142,112.25071428571428,-26.656714285714315,26.656714285714315,17.466076767470884,-13.696200000000019,0.7391304347826086,0,7.9362042012892955,0,0.1004091629284969,3,17.482049967501492,0,17.482049967501492,16.003777777777778,0,0,0.3351132386829912,0.3332595714900142,0.33162718982699463,0.3351132386829912,0,999,0
sonoma,1,21,22,46.50572727272726,23.971778173077208,37.895,40.89845454545455,6.864436214683224,37.08,44.22390909090909,14.897236068060828,37.49,131.62809090909093,31.654147443459827,112.632,228.87,0.03062398127929952,0.8556836099506253,1,109.41818181818181,19.694829787188322,189.1,387.88632034632036,62.300000000000004,0.048321247880911605,139.41857142857143,118.41814285714285,139.76128571428572,0.34271428571429396,-0.34271428571429396,36.01635566464081,23.749600000000015,0.6363636363636364,0,13.684458070224043,0,0.8068088373338546,3,8.195492163030831,0,8.195492163030831,16.003777777777778,0,0,0.35331156861377333,0.35331156861377333,0.31071220636103514,0.33597622502519153,0,999,0
sonoma,1,31,23,41.333956521739125,7.236992622995856,37.727,40.55873913043477,6.771793472776961,37.069,41.02534782608696,6.218991452936691,37.512,122.91804347826086,19.704449623183315,112.459,176.47899999999998,0.04829879654855804,0.9149104298905423,3,114.61739130434782,14.358641749322098,189.1,206.17059288537556,44.60000000000001,0.06510992419262193,139.55014285714284,118.53757142857145,113.49800000000002,-26.052142857142826,26.052142857142826,17.45975881111833,-13.347399999999993,0.5652173913043478,0,7.432630084025568,0,0.5911412690719526,3,17.132653802882935,0,17.132653802882935,16.003777777777778,0,0,0.3362724897996721,0.3362724897996721,0.32996570709009004,0.33376180311023784,0,999,0
sonoma,1,41,4,42.75075,6.98173452063788,38.226,40.949,6.952294537297258,37.329,42.9075,9.978362373990366,37.885,126.60725,23.8360552018016,113.48400000000001,162.301,0.04026404321759843,0.896346773190319,0,111.65,17.758096744865426,187.2,315.3500000000001,36.7,0.0533103125333718,162.301,116.644,113.48400000000001,-48.81699999999998,48.81699999999998,25.470101537554438,0.0,0.75,0,10.3653226809681,0,0.0,0,0.0,0,0.0,16.003777777777778,0,0,0.3389023930304149,0.33766431227279636,0.3234332946967887,0.3389023930304149,0,999,0
sonoma,1,46,23,40.64082608695653,6.957851364088133,37.525,40.3193043478261,7.249992792690979,36.916,40.96152173913043,6.780919177901562,37.427,121.92165217391302,20.19143823642427,112.07300000000001,175.289,0.04718886886502965,0.9192214672430409,2,115.7086956521739,14.946842568475738,188.2,223.4081027667984,44.5,0.06270833838774041,138.35957142857143,117.84000000000002,112.34100000000002,-26.018571428571406,26.018571428571406,17.882327393630476,-12.750399999999999,0.782608695652174,0,7.7571555218283255,0,0.26445793616377544,3,17.078333421096374,0,17.078333421096374,16.003777777777778,0,0,0.33596593393191204,0.33333559185193057,0.3306984742161574,0.33596593393191204,0,999,0
sonoma,1,47,23,41.801478260869565,6.9471980020042166,37.64,40.59378260869565,6.822703322907355,37.115,42.494173913043475,7.9275169026061825,37.26,124.88943478260872,19.626534079765324,112.612,176.016,0.04848124246821487,0.9016935675625429,2,112.81304347826087,14.446525356003777,189.1,208.70209486166007,44.2,0.0647394787469998,139.31414285714283,118.71514285714285,120.06614285714286,-19.247999999999962,19.247999999999962,18.475824679003207,-4.516599999999997,0.6086956521739131,0,8.577134488001047,0,0.5833630944789038,3,14.884000598852113,0,14.884000598852113,16.003777777777778,0,0,0.34025435367700885,0.33470788248527306,0.325037763837718,0.34025435367700885,0,999,0
sonoma,1,5,14,120.11678571428573,290.64188044135864,38.524,39.30650000000001,3.3924070589842463,37.502,44.078857142857146,11.203122187464206,38.225,203.50214285714287,297.1627928857688,114.3,1234.526,0.0033538725282302975,0.5616648473340049,1,105.45714285714287,29.53206117700959,185.2,872.1426373626372,109.7,0.03275245631804879,420.41600000000005,117.98875,116.6135,-303.80250000000007,303.80250000000007,446.34076411776556,-243.94480000000004,0.5714285714285714,0,43.704769693544826,0,0.0,0,0.0,0,0.0,16.003777777777778,0,0,0.5902482599340828,0.5902482599340828,0.19315030027763838,0.2166014397882788,0,999,0
sonoma,1,50,23,42.14013043478261,9.00625982457024,37.737,40.646,6.730235893474923,37.245,40.411086956521736,4.80001541581846,37.687,123.19721739130435,19.78610384486253,112.94800000000001,177.29500000000002,0.04810906399118942,0.9168064213759769,3,114.36086956521741,14.328983315150092,188.2,205.31976284584974,44.39999999999999,0.0652358985224852,140.282,118.728,113.45900000000002,-26.822999999999993,26.822999999999993,17.64796955129824,-14.259400000000014,0.9130434782608695,0,8.12698338754122,0,0.3351686142824161,3,17.507146319556323,0,17.507146319556323,16.003777777777778,0,0,0.3420542389438497,0.3420542389438497,0.3299262829199982,0.3280194781361521,0,999,0
sonoma,1,51,23,42.51130434782608,8.621859441057008,38.05,41.19647826086957,6.831224453463437,37.714,40.39339130434782,4.367731060018259,37.71,124.10117391304347,19.12387558822306,113.955,176.24,0.04969221736717664,0.9182427241167533,3,113.36521739130433,13.742456069212272,187.2,188.8550988142292,42.89999999999999,0.06783130268832015,140.89957142857142,119.15914285714284,114.92842857142855,-25.971142857142866,25.971142857142866,16.810416280245754,-13.764200000000002,0.9565217391304348,0,7.695474274671405,0,0.8428712831743598,3,17.138232702725443,0,17.138232702725443,16.003777777777778,0,0,0.34255360370413057,0.34255360370413057,0.3319588120071737,0.3254875842886957,0,999,0
sonoma,1,55,23,40.668956521739126,6.9261063538828544,37.496,40.45169565217392,7.166282137614267,36.969,40.87608695652174,6.7019724092175315,37.377,121.99673913043479,20.057822280998668,111.985,174.67000000000002,0.047488291365358364,0.9179343710184698,2,115.6,14.876369302903301,190.1,221.30636363636367,44.30000000000001,0.06298669304808441,138.4547142857143,118.06142857142856,112.24057142857144,-26.214142857142846,26.214142857142846,17.635381732428844,-13.182400000000015,0.6956521739130435,0,7.944260805260297,0,0.018384776310847582,3,17.087420538742418,0,17.087420538742418,16.003777777777778,0,0,0.3350588486862621,0.3333610128567228,0.3315801384570151,0.3350588486862621,0,999,0
sonoma,1,67,8,48.365249999999996,10.588203243637297,38.435,46.64725,8.926222025182723,37.666,45.922,7.17455053843594,38.01,140.93449999999999,25.71131382985208,114.607,176.77100000000002,0.03743731987014499,0.813193362874243,0,100.8875,17.877075304103055,184.3,319.5898214285714,42.39999999999999,0.05297430793119968,141.976,114.97149999999999,156.95299999999997,14.976999999999975,-14.976999999999975,29.8614225253603,18.2778,0.375,0,-3.9262920008940356,0,0.0,3,-4.51250142710356,0,-4.51250142710356,16.003777777777778,0,0,0.3431753757951389,0.3431753757951389,0.330985315873686,0.32583930833117514,0,999,0
sonoma,1,7,23,41.823086956521735,7.98340206538224,37.534,40.62282608695652,7.0245593498303185,36.924,40.976130434782604,6.6342594592857544,37.339,123.42204347826089,19.92215142288115,112.156,174.773,0.04779623184001848,0.9087193570875753,2,114.24782608695651,14.818780147478016,190.1,219.59624505928858,44.10000000000001,0.06321599963315944,138.68085714285715,121.57114285714285,113.01299999999999,-25.66785714285716,25.66785714285716,18.74510591718063,-13.23320000000001,0.8260869565217391,0,8.908897607255708,0,0.06010407640085212,3,15.816562642284548,0,15.816562642284548,16.003777777777778,0,0,0.3388623764270141,0.3388623764270141,0.3291375263456215,0.3320000972273644,0,999,0
sonoma,1,71,23,41.3885652173913,7.460124236268009,37.755,40.571739130434786,6.910495069868145,37.056,40.82804347826087,5.890356652871176,37.612,122.78834782608693,19.789889300091637,112.75999999999999,176.698,0.048100304218339066,0.9183281801275579,3,114.74782608695651,14.422925865227002,189.1,208.02079051383407,44.3,0.06483854028337324,139.65328571428572,118.26585714285716,113.23742857142858,-26.415857142857135,26.415857142857135,17.444117764700643,-13.727999999999994,0.5217391304347826,0,7.80029049633656,0,0.45466966030294054,3,17.359669047733522,0,17.359669047733522,16.003777777777778,0,0,0.3370724172949423,0.3370724172949423,0.3304201078419848,0.33250747486307297,0,999,0
sonoma,1,72,23,41.26721739130435,6.92266158061217,37.354,40.52478260869565,7.0731460979764975,36.83,42.258347826086954,8.21089477246097,37.413,124.05034782608695,19.832567148296757,111.668,174.826,0.048001765355248534,0.9001828850698069,2,113.63043478260872,14.749065757242475,190.1,217.53494071146253,44.7,0.06349582987423448,138.74957142857144,121.55742857142857,113.67142857142858,-25.078142857142865,25.078142857142865,18.814872258275848,-11.860799999999998,0.4782608695652174,0,8.44201407703323,0,0.5077026688919436,3,15.228972393222328,0,15.228972393222328,16.003777777777778,0,0,0.3406548112652717,0.3326650679702982,0.32668012076443015,0.3406548112652717,0,999,0
sonoma,1,73,23,42.219478260869565,8.097916863835836,38.184,41.09334782608696,6.776887262189542,37.456,40.760695652173915,4.7132658667249805,38.045,124.07352173913044,19.146778855295658,114.289,175.96800000000002,0.04963572624599223,0.9211393244748642,3,113.38695652173914,13.764423983186974,185.2,189.45936758893276,42.400000000000006,0.0677303768259942,140.56314285714285,119.28871428571426,114.87971428571429,-25.683428571428564,25.683428571428564,17.075316022694626,-13.403199999999998,0.391304347826087,0,7.290049973875937,0,0.9397449121969171,3,16.863474930432893,0,16.863474930432893,16.003777777777778,0,0,0.34027790675304365,0.34027790675304365,0.33120159120241116,0.3285205020445451,0,999,0
sonoma,1,78,23,40.894695652173915,7.0446095797023975,37.553,40.338869565217394,6.996653266866874,36.945,40.90030434782608,6.558242651495087,37.337,122.1338695652174,19.993950467588817,112.02000000000001,174.969,0.04763276933247196,0.9171902961789256,3,115.44347826086958,14.769065523677783,189.1,218.1252964426877,44.400000000000006,0.06341529867438665,139.12257142857143,117.83828571428572,112.23014285714284,-26.892428571428596,26.892428571428596,17.328291998724904,-13.964200000000005,0.6956521739130435,0,7.809356732224335,0,0.6703372285648423,3,17.55377195648647,0,17.55377195648647,16.003777777777778,0,0,0.334880934284867,0.33483501176008224,0.3302840539550508,0.334880934284867,0,999,0
sonoma,1,80,23,43.12869565217392,8.346598335058326,38.795,41.578695652173906,6.51367741012418,38.303,40.831608695652164,4.260493918647231,38.329,125.539,18.531719053852214,115.84,176.536,0.05119877043299839,0.9227411402034428,3,111.90434782608695,13.016370051902461,184.3,169.42588932806328,41.0,0.07134514830137983,141.07814285714286,120.61185714285713,117.35928571428569,-23.718857142857175,23.718857142857175,17.07035240571826,-11.394599999999983,0.5217391304347826,0,6.639769314714945,0,0.665387481096543,3,15.833436282020003,0,15.833436282020003,16.003777777777778,0,0,0.34354818544176646,0.34354818544176646,0.33120142467419617,0.32525038988403737,0,999,0
sonoma,1,88,23,41.32465217391305,7.123005038788664,37.647,40.46960869565217,6.824231157088358,37.004,40.908869565217394,6.403738512522111,37.446,122.70313043478264,19.819764025529366,112.465,176.286,0.048031284061327104,0.9165617829104674,3,114.84782608695652,14.498585183803824,186.2,210.20897233201578,44.5,0.06452201850301859,139.46328571428572,118.301,113.13785714285714,-26.325428571428574,26.325428571428574,17.408671195662848,-13.553199999999961,0.8260869565217391,0,7.607084189057243,0,0.4369919907732828,3,17.275315930562368,0,17.275315930562368,16.003777777777778,0,0,0.33678563886254986,0.33678563886254986,0.32981724714156324,0.33339711399588684,0,999,0
sonoma,1,89,23,41.55013043478261,7.472514073129776,37.774,40.56882608695652,6.822260926569552,37.068,40.88973913043479,5.942488698252084,37.587,123.0086956521739,19.72317537691679,112.50200000000001,176.667,0.04825515307436349,0.9145857486215186,3,114.5130434782609,14.33493204308419,189.1,205.4902766798419,44.599999999999994,0.06521059220806812,139.93614285714287,118.47285714285715,113.28542857142858,-26.650714285714287,26.650714285714287,17.538108872220313,-13.996600000000015,0.9130434782608695,0,8.346723455393738,0,0.33870414818834566,3,17.38879238795656,0,17.38879238795656,16.003777777777778,0,0,0.3377820585324473,0.3377820585324473,0.32980453838540924,0.3324134030821434,0,999,0
sonoma,1,93,23,42.175782608695656,7.737481161419405,38.125,40.97182608695652,6.707126079112179,37.647,40.68152173913044,5.130560219894166,37.666,123.82913043478261,19.149191452915062,113.91499999999999,176.089,0.04962978302810886,0.919937009975176,3,113.62608695652176,13.823833746346933,188.2,191.0983794466403,42.8,0.06745893249419584,140.4417142857143,119.20671428571427,114.47142857142856,-25.97028571428575,25.97028571428575,16.795265436299527,-13.96759999999999,0.8260869565217391,0,7.514896052414446,0,0.3075914498161498,3,17.003914689571285,0,17.003914689571285,16.003777777777778,0,0,0.340596614549502,0.340596614549502,0.3308738900378151,0.32852949541268306,0,999,0
sonoma,1,98,23,41.07830434782609,7.052009046008111,37.684,40.268130434782606,7.00291895182643,36.944,40.93539130434783,6.4629668232246695,37.389,122.28182608695654,19.931291445755644,112.3,175.378,0.04777536076030204,0.9183703220145052,3,115.2826086956522,14.67891661143204,190.1,215.4705928853755,44.2,0.06377991699189633,139.19857142857146,117.811,112.68214285714284,-26.51642857142862,26.51642857142862,17.438494975818436,-13.617000000000019,0.6521739130434783,0,7.503425799702914,0,0.5409366876077193,3,17.469878590708042,0,17.469878590708042,16.003777777777778,0,0,0.3359313944053687,0.3359313944053687,0.32930592978017276,0.33476267581445857,0,999,0
sonoma,2,3,44,42.32895454545454,6.283973291116634,38.702,40.85422727272727,5.067059754117474,37.827,42.79629545454546,7.927477535349264,38.349,125.97947727272727,17.568358796809253,115.138,194.584,0.05385505584757646,0.913942512642301,4,111.33636363636364,12.216003436382813,184.3,149.2307399577167,49.0,0.0756658398897706,129.5972857142857,132.69814285714287,117.03192857142857,-12.565357142857138,12.565357142857138,15.844887383262192,-29.06019999999998,0.7954545454545454,0,6.977904229350483,0,0.5106122958435927,8,8.940719783185694,0,8.940719783185694,0.0,0,0,0.3397084698319369,0.3359988107731111,0.3242927193949519,0.3397084698319369,0,999,0
sonoma,2,11,22,42.61549999999999,7.495515012961005,38.818,41.141272727272735,5.127504750821493,37.832,42.10604545454545,5.8212788112094,37.976,125.86281818181816,16.365610045331156,114.919,173.308,0.057585077483002435,0.9130496334031787,2,111.2590909090909,11.923193048321094,183.1,142.1625324675325,40.5,0.0773802570510942,129.39771428571427,133.05742857142857,116.47742857142858,-12.920285714285697,12.920285714285697,17.674198560667598,-13.776399999999981,0.8636363636363636,0,7.0054987717507515,0,0.06858935777509101,4,9.520671331497233,0,9.520671331497233,0.0,0,0,0.338586888611049,0.338586888611049,0.32687391972934465,0.33453919165960627,0,999,0
sonoma,2,113,22,42.521409090909096,7.443970981104943,38.047,40.54063636363637,5.187979472234735,37.271,42.474090909090904,7.13032627924451,37.815,125.53613636363637,16.281233126620865,113.218,171.572,0.05786624094894887,0.9018757728216612,2,111.53636363636362,12.044897969661973,186.2,145.0795670995671,41.5,0.07665832284205383,130.29485714285713,132.27471428571428,115.37528571428572,-14.919571428571402,14.919571428571402,18.517404094269697,-21.192799999999977,0.8636363636363636,0,7.507110411887933,0,0.588312841947203,5,10.173356899207073,0,10.173356899207073,0.0,0,0,0.33871847838090813,0.33871847838090813,0.3229399720109567,0.3383415496081353,0,999,0
sonoma,2,12,22,43.20577272727272,7.9772074832990105,39.731,42.50831818181818,5.985374845136813,38.525,40.99827272727272,3.2199160175652337,39.078,126.71236363636362,14.958074725061362,117.719,176.574,0.06266420086563135,0.9290253659684498,2,110.23181818181818,10.558832293106063,179.1,111.48893939393942,39.10000000000001,0.08651392931761988,129.88385714285715,132.7837142857143,118.69585714285714,-11.188000000000017,11.188000000000017,17.713794467266787,-12.69080000000001,0.7272727272727273,0,5.456739530332105,0,0.8160012254892733,5,8.247832013451314,0,8.247832013451314,0.0,0,0,0.34097519363827594,0.34097519363827594,0.33547095928071885,0.32355384708100515,0,999,0
sonoma,2,13,22,41.580954545454546,6.945634802331555,37.801,40.73054545454546,5.363287768553136,37.16,42.30518181818181,6.894016865137228,37.656,124.6166818181818,17.516479629429686,112.961,170.427,0.05400594605524378,0.906467724480197,2,112.67272727272729,13.358114417058301,187.2,178.43922077922082,41.2,0.06964702822063738,128.3897142857143,132.9542857142857,113.87242857142859,-14.517285714285705,14.517285714285705,18.365235247349165,-13.765199999999979,0.8636363636363636,0,7.403247850590552,0,3.232892203584897,4,10.15020576131686,0,10.15020576131686,0.0,0,0,0.33948249304138833,0.3336708532018368,0.3268466537567749,0.33948249304138833,0,999,0
sonoma,2,14,22,41.923772727272734,7.697493784663622,38.038,40.713227272727266,5.237555026935103,37.398,42.4205,6.7001348440588435,37.984,125.05750000000002,17.532070178335907,113.78,172.495,0.053960512256693564,0.9098214821182254,2,112.24545454545455,13.206373903850812,186.2,174.40831168831173,41.30000000000001,0.07039093907903816,128.304,133.1737142857143,114.99257142857144,-13.311428571428564,13.311428571428564,18.514588260277872,-12.365199999999987,0.7727272727272727,0,6.300301861143888,0,4.796305296788343,4,9.532116107747012,0,9.532116107747012,0.0,0,0,0.3392079643364052,0.33523597327047744,0.3255560623931173,0.3392079643364052,0,999,0
sonoma,2,15,22,42.29240909090908,7.493694852271544,37.919,40.667454545454554,4.9389896376377065,37.45,42.261272727272726,6.624987232202022,38.013,125.22113636363638,16.962029728317567,113.858,172.059,0.05567299548688956,0.9092554444591658,2,111.97727272727273,12.682568908251756,185.2,160.84755411255415,41.10000000000001,0.07308569075774321,128.86828571428572,132.8222857142857,115.23685714285716,-13.631428571428557,13.631428571428557,17.758969986755314,-13.268,0.8636363636363636,0,7.82546513168523,0,1.2247089450150999,4,9.432420281806463,0,9.432420281806463,0.0,0,0,0.33774177682027967,0.33774177682027967,0.32476509738226744,0.3374931257974529,0,999,0
sonoma,2,16,21,41.5082380952381,6.514476302088772,37.867,41.30576190476191,5.6785466970410825,37.411,42.16542857142857,7.273204373392986,37.469,124.97942857142854,17.95460071282965,112.794,169.696,0.05275763996036793,0.9025005258008177,2,112.42857142857143,13.731465430067647,188.2,188.55314285714286,41.099999999999994,0.0678819092877855,128.09085714285715,133.32199999999997,113.52542857142858,-14.56542857142857,14.56542857142857,18.86882352871781,-13.78879999999998,0.9523809523809523,0,9.583520030725028,0,0.29415642097361155,3,10.290361219214633,0,10.290361219214633,0.0,0,0,0.33737895150744807,0.3321205623173033,0.3305004861752487,0.33737895150744807,0,999,0
sonoma,2,17,22,41.71027272727273,5.643199954954788,38.535,41.23645454545454,5.044721736884742,37.751,42.85513636363636,7.062844599569095,38.154,125.80186363636362,16.025751218691017,114.814,167.596,0.05873455961826761,0.912657385838698,2,111.28181818181817,12.038020576238411,182.1,144.91393939393936,37.89999999999999,0.07669875915232749,128.46485714285714,133.26614285714285,116.83314285714287,-11.631714285714267,11.631714285714267,17.261555820597952,-11.203199999999995,0.7727272727272727,0,7.161947665900296,0,0.3054701294726001,4,8.424905757710896,0,8.424905757710896,0.0,0,0,0.3406558148256945,0.33155528480753105,0.32778890036677444,0.3406558148256945,0,999,0
sonoma,2,2,22,40.66909090909091,5.835065102742791,37.6,41.47677272727273,7.050151230609091,37.157,41.978227272727274,7.468159746115941,37.486,124.12409090909091,18.65125783045231,112.61500000000001,166.126,0.050887327855948405,0.9072775411703098,2,113.39545454545454,14.493298197466741,185.2,210.05569264069268,39.5,0.06454403621841519,127.13114285714286,133.8827142857143,112.90142857142858,-14.22971428571428,14.22971428571428,19.736625375536864,-11.61999999999999,0.6818181818181818,0,8.877882470987611,0,0.6866006845321402,3,10.30584744154068,0,10.30584744154068,0.0,0,0,0.3381956473177502,0.327648650727095,0.33415570195515487,0.3381956473177502,0,999,0
sonoma,2,21,22,41.724636363636364,5.883259637030305,37.952,41.03368181818181,5.152105527852654,37.285,42.549499999999995,6.809111030362886,37.8,125.30781818181816,16.282215546670088,113.712,168.441,0.05786295150060656,0.9074613352137937,2,111.77727272727272,12.250478389810775,185.2,150.07422077922078,39.5,0.07546897331412354,128.75142857142856,133.1734285714286,115.27157142857143,-13.479857142857128,13.479857142857128,17.488065738968277,-12.751599999999982,0.8636363636363636,0,7.2595775058655425,0,1.6645293629131424,4,9.695643684193946,0,9.695643684193946,0.0,0,0,0.3395598185123761,0.33297711961671117,0.3274630618709128,0.3395598185123761,0,999,0
sonoma,2,31,22,41.89977272727273,7.114202715640087,37.842,40.745090909090905,5.178327601962506,37.194,42.246590909090905,6.914015673213161,37.719,124.89145454545455,17.277438290406014,113.531,171.362,0.05471226241397892,0.9090373750005459,2,112.35909090909091,13.065062793605922,186.2,170.6958658008658,41.10000000000001,0.07109815396306707,128.5477142857143,133.0252857142857,114.26585714285716,-14.281857142857149,14.281857142857149,17.79403270053248,-13.751800000000003,0.8181818181818182,0,8.288761295262942,0,1.253700323043756,4,9.988710088192605,0,9.988710088192605,0.0,0,0,0.33826646557083023,0.3354895087079254,0.3262440257212445,0.33826646557083023,0,999,0
sonoma,2,41,22,42.651681818181814,6.99064642685982,38.472,40.87290909090909,4.933531545977133,37.911,42.25454545454545,6.43597755720785,37.716,125.77913636363634,16.501120418800586,114.354,171.572,0.057139198866705106,0.9091650913343413,2,111.36363636363639,12.223301146134416,184.3,149.40909090909093,40.3,0.0756240812296959,129.03428571428572,133.24457142857142,116.38828571428573,-12.645999999999987,12.645999999999987,17.55007062636718,-12.759599999999992,0.22727272727272727,0,7.113768326225493,0,0.0827314933988292,4,9.218993341819624,0,9.218993341819624,0.0,0,0,0.33909981457395916,0.33909981457395916,0.32495778133459774,0.3359424040914431,0,999,0
sonoma,2,46,5,42.6096,8.086641935933605,38.231,40.633399999999995,6.678640602697527,37.374,42.507799999999996,9.032954649504225,38.073,125.7508,23.778717578961235,114.467,168.244,0.04035721367796152,0.9102685629037748,0,112.43999999999998,16.996999735247396,185.2,288.8980000000001,38.60000000000001,0.05556481717569206,168.244,116.988,114.55799999999999,-53.68600000000001,53.68600000000001,25.2510405660176,0.0,0.6,0,8.900778364829492,0,0.0,0,0.0,0,0.0,0.0,0,0,0.33884158192234165,0.33884158192234165,0.32312637374871567,0.3380320443289426,0,999,0
sonoma,2,47,22,41.344181818181816,6.22791908713048,37.95,41.1475,5.497531695051447,37.145,42.3315,7.112726948425416,37.757,124.82318181818182,17.18241754329218,113.157,169.56900000000002,0.05499818699130678,0.9065383396877764,2,112.41818181818181,13.081089089784985,186.2,171.1148917748918,40.599999999999994,0.07101723408066796,128.23885714285717,133.2792857142857,114.06871428571428,-14.170142857142892,14.170142857142892,17.691970305493854,-13.21380000000002,0.7727272727272727,0,8.231789695241634,0,0.09333809511662781,3,10.05304355527926,0,10.05304355527926,0.0,0,0,0.33913171722909863,0.33122198309608863,0.3296462996748128,0.33913171722909863,0,999,0
sonoma,2,5,10,45.501400000000004,9.543820260019334,39.127,40.79469999999999,4.214022940664235,38.414,42.559400000000004,5.921053250900552,38.704,128.85549999999998,17.465235210109377,116.932,174.09199999999998,0.05415582247511899,0.9074661151444837,1,108.7,12.023865157815655,184.3,144.5733333333333,38.8,0.07678212173441441,137.12033333333332,121.50766666666665,126.78666666666668,-10.333666666666645,10.333666666666645,19.380466861708403,-1.5413999999999817,0.3,0,8.201046909134638,0,0.0,2,2.277961597821309,0,2.277961597821309,0.0,0,0,0.3531195796842199,0.3531195796842199,0.3165926173116397,0.3302878030041403,0,999,0
sonoma,2,50,22,41.417181818181824,6.196858256494355,38.065,41.16659090909091,5.737002159408368,37.514,42.18359090909091,7.04270463914249,37.808,124.76736363636365,17.449658158871532,113.456,168.832,0.054201546250283734,0.9093403650867322,2,112.51818181818182,13.340473196563348,185.2,177.9682251082251,40.0,0.06973270590817374,127.96085714285714,133.24585714285715,114.43628571428572,-13.52457142857142,13.52457142857142,18.17269807876378,-12.543400000000005,0.7272727272727273,0,8.016410177195242,0,1.4672465709620781,3,9.579543147889718,0,9.579543147889718,0.0,0,0,0.33809795830931894,0.3319552534498751,0.329946788240806,0.33809795830931894,0,999,0
sonoma,2,51,22,41.991272727272715,6.803954054755278,38.44,41.03686363636364,4.939522526524531,37.747,43.37945454545454,7.422374461093474,37.847,126.40759090909091,16.530648792208428,114.314,170.947,0.057042954419602214,0.9043286022451902,2,110.84545454545454,12.388732487251982,185.2,153.48069264069267,40.10000000000001,0.07468966916413822,128.64257142857144,133.22971428571432,118.78814285714284,-9.854428571428599,9.854428571428599,18.55368763320317,-8.192600000000027,0.8636363636363636,0,-0.8725022627021487,0,10.973590137234035,4,7.475259456249785,0,7.475259456249785,0.0,0,0,0.34317127819208215,0.33218948660663716,0.3246392352012808,0.34317127819208215,0,999,0
sonoma,2,55,22,41.28995454545455,6.069865774598728,37.692,41.05168181818181,6.1061548448411855,37.226,42.49104545454546,7.148822430351214,37.625,124.83268181818184,17.677900393500096,112.833,167.714,0.053539208312086285,0.9038738762685615,2,112.53181818181817,13.638334850309896,187.2,186.00417748917747,40.099999999999994,0.06831378092015909,127.59985714285713,133.55414285714286,114.60285714285713,-12.997,12.997,18.662607959436407,-10.772599999999969,0.8636363636363636,0,5.535955582727299,0,6.684987509337626,3,9.24857726585897,0,9.24857726585897,0.0,0,0,0.3403839830697017,0.33076237683968984,0.3288536400906085,0.3403839830697017,0,999,0
sonoma,2,67,22,42.63213636363637,7.626369437028557,38.68,40.7875909090909,5.137903451048334,37.665,42.397590909090916,5.995799121917745,38.278,125.81731818181817,16.646834557918247,114.908,174.541,0.056667386817614476,0.9132923961544535,2,111.36363636363639,12.179238597459728,184.3,148.33385281385281,41.099999999999994,0.07587691751727964,129.28857142857143,132.82585714285713,116.81371428571428,-12.474857142857147,12.474857142857147,17.820690919078675,-13.548599999999979,0.8636363636363636,0,7.143546144283497,0,0.6682159082212826,4,9.024419892134187,0,9.024419892134187,0.0,0,0,0.33884155996735527,0.33884155996735527,0.32418105471099684,0.33697738532164784,0,999,0
sonoma,2,7,22,40.736,5.949250148828281,37.656,41.408818181818184,6.826917282669798,37.112,42.01668181818182,7.386756124091044,37.442,124.16149999999998,18.521968554099413,112.521,166.56799999999998,0.051224342321256854,0.9062471055842594,2,113.33181818181816,14.383766854261397,187.2,206.89274891774883,39.8,0.06500358523848754,127.20771428571427,133.85085714285714,112.97171428571428,-14.23599999999999,14.23599999999999,19.573988036726313,-11.863800000000012,0.6818181818181818,0,8.678213455861894,0,0.948230193571156,3,10.285598417408497,0,10.285598417408497,0.0,0,0,0.3384034649885981,0.3280888198032401,0.3335077152081618,0.3384034649885981,0,999,0
sonoma,2,71,22,41.02236363636364,6.030221156376041,37.865,41.161136363636366,6.166834236813003,37.173,42.33545454545454,7.138662964898044,37.936,124.51895454545456,17.903349248986032,113.063,167.424,0.05290067843684577,0.9079983076691134,2,112.85,13.820162978847419,187.2,190.99690476190477,39.7,0.06747564122117172,127.41414285714286,133.7067142857143,113.94171428571428,-13.47242857142858,13.47242857142858,18.879073826531293,-11.642800000000008,0.8181818181818182,0,7.404860231209801,0,2.06545890784591,3,9.757711152628259,0,9.757711152628259,0.0,0,0,0.33999204940321237,0.32944673994503215,0.3305612106517555,0.33999204940321237,0,999,0
sonoma,2,72,22,41.458999999999996,6.272310457573864,37.918,41.15781818181818,6.106674745027645,37.19,42.02345454545455,7.00852083251097,37.613,124.64027272727272,17.856171442634185,113.094,169.063,0.053033034995586634,0.9073632263904196,2,112.7181818181818,13.693816343905233,188.2,187.52060606060607,40.5,0.06805583904107965,127.66600000000001,133.4954285714286,113.91885714285714,-13.747142857142876,13.747142857142876,18.696633034675877,-11.956599999999995,0.8636363636363636,0,7.381059529132193,0,2.2012234098337222,3,9.717000513610653,0,9.717000513610653,0.0,0,0,0.3371579155431303,0.33262924649336306,0.3302128379635066,0.3371579155431303,0,999,0
sonoma,2,73,21,42.39690476190476,6.907991299247285,38.323,40.86514285714286,5.08601551595858,37.658,52.11333333333334,43.38528430163082,38.208,135.37538095238094,44.652419129848035,114.305,315.914,0.021904644245811487,0.8443558880193102,1,107.82380952380953,19.28239883318216,184.3,371.81090476190474,77.2,0.0493038327578882,128.97257142857143,133.06099999999998,144.09257142857146,15.120000000000033,-15.120000000000033,49.19315394431906,26.658600000000035,0.9047619047619048,0,-58.898537154008814,0,142.55909104823866,4,-9.57361771873679,0,-9.57361771873679,0.0,0,0,0.38495428760170575,0.31318031730465157,0.3018653950936426,0.38495428760170575,0,999,0
sonoma,2,78,21,41.074523809523804,5.995700523033548,37.905,41.39980952380952,6.481687771090549,37.215,42.405142857142856,7.402405975665711,37.748,124.87947619047621,18.357699873946757,113.081,166.954,0.05165903007649609,0.9055210948156106,2,112.64285714285714,14.181768980933638,185.2,201.12257142857152,39.400000000000006,0.06586847693808753,127.32614285714284,133.767,113.54528571428571,-13.78085714285713,13.78085714285713,19.677102890629534,-12.117599999999996,0.7619047619047619,0,9.043100223491694,0,0.3273904396893772,3,9.687592323874222,0,9.687592323874222,0.0,0,0,0.3395685516206292,0.32891332557219927,0.3315181228071714,0.3395685516206292,0,999,0
sonoma,2,80,22,43.57936363636363,8.42265099962428,39.372,41.281681818181816,4.667145741256626,38.433,42.01568181818181,4.6779537894088,38.685,126.87672727272728,15.767660946747988,117.675,175.405,0.05963861048812211,0.9274750581093745,2,110.21363636363638,11.101621308214206,181.2,123.2459956709957,38.60000000000001,0.08263355582951773,129.60042857142855,133.0782857142857,119.14528571428572,-10.455142857142832,10.455142857142832,17.56186223420891,-10.68559999999998,0.18181818181818182,0,6.4395003310299765,0,0.8987327188881025,5,7.8816446194996646,0,7.8816446194996646,0.0,0,0,0.3434779929552235,0.3434779929552235,0.32536843206433735,0.3311535749804391,0,999,0
sonoma,2,88,22,43.53463636363636,10.180157668090713,38.124,41.13290909090909,5.372516754469573,37.423,42.34013636363636,6.871375964622088,37.693,127.00768181818185,17.996561397445753,113.541,170.099,0.052641105886376806,0.8939695487280831,2,110.64090909090906,13.612972072916653,185.2,185.31300865800873,40.5,0.06843234867008177,128.155,133.6227142857143,120.80842857142856,-7.346571428571437,7.346571428571437,22.149153925795254,-12.337400000000002,0.8636363636363636,0,8.450419427028235,0,1.1935962466428938,3,6.2231212201818416,0,6.2231212201818416,0.0,0,0,0.3427716791647177,0.3427716791647177,0.32386158460708714,0.33336673622819524,0,999,0
sonoma,2,89,22,41.39918181818181,5.667988705472864,38.202,41.17486363636364,5.8752497518987346,37.244,42.54263636363637,7.128057462928115,37.575,125.11668181818182,17.149618586308097,113.363,167.29500000000002,0.05509757658237461,0.906058235821326,2,112.14545454545454,13.10462394848356,186.2,171.73116883116884,39.30000000000001,0.0708987353120828,127.753,133.54185714285714,114.93385714285714,-12.819142857142865,12.819142857142865,18.02092658127265,-10.74300000000001,0.8636363636363636,0,8.05982197708539,0,1.37532268940783,3,9.077994395806876,0,9.077994395806876,0.0,0,0,0.3400236942461346,0.33088458882199767,0.32909171693186756,0.3400236942461346,0,999,0
sonoma,2,93,22,43.100500000000004,8.756637453954573,38.677,40.77986363636364,4.7597196525631285,37.734,41.70672727272727,5.336885619212211,37.965,125.58709090909088,16.819006184640077,114.58500000000001,176.899,0.05611985256854541,0.9123947307844325,2,111.57727272727271,12.194570681764656,184.3,148.7075541125541,42.5,0.07578874857838565,129.68442857142858,132.63885714285715,115.74185714285714,-13.94257142857144,13.94257142857144,17.6291762275469,-15.2744,0.8636363636363636,0,6.9462480944045915,0,0.7629682169002803,4,9.630382316163775,0,9.630382316163775,0.0,0,0,0.3431921202092282,0.3431921202092282,0.32471381685147144,0.33209406293930027,0,999,0
sonoma,2,98,22,41.39790909090909,5.500879920167673,38.303,41.215363636363634,5.890780533175828,37.415,42.53368181818182,7.206406775101244,37.844,125.14695454545453,17.04230824260407,113.562,166.40699999999998,0.05542528076527689,0.9074291932429984,2,112.1,13.05504828464015,186.2,170.43428571428572,38.7,0.0711488128498879,127.835,133.40014285714287,114.86571428571429,-12.969285714285704,12.969285714285704,17.751450483189895,-11.08699999999996,0.8636363636363636,0,8.055293540357816,0,1.6107892475429593,3,8.944091148142915,0,8.944091148142915,0.0,0,0,0.3398698911425223,0.33079437882663765,0.3293357300308401,0.3398698911425223,0,999,0
vir,1,3,20,48.81425000000001,6.0931960317701055,45.849,52.81385,10.808306543799395,48.819,37.8638,5.581857789208478,35.188,139.4919,21.241046683249863,129.877,206.778,0.04496191273017372,0.9310719833911505,2,138.025,15.30341809084356,,234.19460526315797,54.30000000000001,0.061336830990160705,159.2275,130.95716666666667,131.20883333333333,-28.01866666666666,28.01866666666666,22.10972782146314,-30.959000000000003,0.7,0,6.15512441941072,0,0.5105310960166932,2,15.806794515054012,0,15.806794515054012,33.88340909090909,0,0,0.3786158909585431,0.3499432583540693,0.3786158909585431,0.27144085068738755,0,14,0
vir,1,111,20,48.60795000000001,6.166850936341224,45.827,52.4249,10.916604807163694,48.444,37.062,5.233892925719319,34.915,138.09485,21.77360710458276,129.345,207.721,0.04391047915280706,0.9366388391746686,2,139.535,15.672747886563783,,245.63502631578956,55.3,0.05997811559340371,156.33666666666667,129.8805,130.40683333333334,-25.929833333333335,25.929833333333335,22.755968527397002,-31.295799999999986,0.95,0,5.808580117216545,0,1.0302545801887952,2,16.14859605706763,0,16.14859605706763,33.88340909090909,0,0,0.37962965309712854,0.351989592660407,0.37962965309712854,0.2683807542424645,0,9,0
vir,1,113,20,48.754,6.191563564110526,45.84,52.328649999999996,10.926464817010505,48.353,37.16605,5.298176692082506,34.739,138.24870000000004,21.857668773706237,129.373,208.319,0.043748993385988935,0.9357990346383,2,139.37999999999997,15.648258689068248,,244.8679999999999,55.5,0.06006634199266919,155.9848333333333,130.2655,130.87383333333335,-25.11099999999996,25.11099999999996,23.225205407661527,-30.3322,0.35,0,5.531118918297269,0,0.5727564927611051,2,15.935966655614639,0,15.935966655614639,33.88340909090909,0,0,0.37851097334007483,0.35265431067344577,0.37851097334007483,0.26883471598647946,0,11,0
vir,1,12,20,49.67549999999999,5.388926496944792,46.913,54.604499999999994,10.299224654005961,50.276,38.34160000000001,4.74154293564092,36.315,142.6216,19.778656511768595,133.822,206.147,0.04812630688772496,0.9383010708055441,2,134.65500000000003,13.784677802011304,,190.0173421052632,49.69999999999999,0.06763759166019569,158.92916666666665,134.84516666666667,136.172,-22.75716666666665,22.75716666666665,21.410319620351633,-27.241799999999955,0.35,0,3.9935044902034567,0,1.4241130573096936,2,14.22379092809776,0,14.22379092809776,33.88340909090909,0,0,0.3828627641254901,0.3483027816263455,0.3828627641254901,0.26883445424816443,0,18,0
vir,1,13,20,48.32085000000001,6.440017883883307,45.514,51.873250000000006,10.973206453975926,47.978,36.9533,5.49995013470218,34.647,137.1474,22.398673763370343,128.432,207.032,0.04273746495690105,0.9364523133504534,2,140.63500000000002,16.178845024160083,,261.7550263157895,56.0,0.058211131108850116,155.51066666666668,129.08716666666666,129.24766666666665,-26.263000000000034,26.263000000000034,23.127624123216712,-31.60480000000004,0.45,0,5.780933506577602,0,0.21071782079359247,2,15.917487334558073,0,15.917487334558073,33.88340909090909,0,0,0.37822991905059816,0.35232786038962466,0.37822991905059816,0.2694422205597773,0,3,1
vir,1,15,11,48.53218181818182,5.307317171946328,45.75,52.63054545454545,11.208955645943437,48.834,59.075,76.64559355240196,35.07,160.23772727272728,92.76789217190493,129.654,439.798,0.0106646313235526,0.8091352904633172,1,134.17272727272726,30.370712566849367,,922.3801818181821,103.0,0.031876865973925576,238.25966666666667,131.55100000000002,130.862,-107.39766666666668,107.39766666666668,143.346471781756,-65.23340000000002,0.36363636363636365,0,17.91259010050409,0,0.0,1,-20.22115467371687,0,-20.22115467371687,33.88340909090909,0,0,0.3686709803331981,0.30287612439472034,0.3284528952720815,0.3686709803331981,0,21,0
vir,1,2,20,49.00685,7.227048318460891,45.575,52.084799999999994,10.906280545003224,48.181,36.9571,5.480565106283341,34.777,138.04875,22.481544077133698,129.057,207.061,0.042586637263509385,0.9348654008094964,2,139.75,16.30739257611648,,265.93105263157895,55.30000000000001,0.05777877838051473,158.2605,129.30833333333334,129.423,-28.837500000000006,28.837500000000006,21.46618446295617,-34.42939999999999,0.75,0,6.2852796566430325,0,0.27860007178748347,2,14.94305350464627,0,14.94305350464627,33.88340909090909,0,0,0.3772928041724391,0.35499669500810405,0.3772928041724391,0.2677105008194569,0,8,0
vir,1,21,20,48.531150000000004,6.219058968204111,45.836,52.31975000000001,10.819559616852787,48.294,37.10744999999999,5.533979138254098,34.732,137.95835,22.059575985510836,129.321,207.834,0.043365931820617,0.9373916113087755,2,139.74,15.809171222326682,,249.92989473684213,55.3,0.0594913328428564,155.4908333333333,130.40716666666665,130.81466666666665,-24.67616666666666,24.67616666666666,23.41831810846458,-29.78819999999999,0.25,0,5.540693984814973,0,0.0261629509039066,2,15.66232714652731,0,15.66232714652731,33.88340909090909,0,0,0.3792430831479211,0.3517811716362221,0.3792430831479211,0.2689757452158567,0,6,0
vir,1,31,20,48.660650000000004,6.187910737244458,45.857,52.285199999999996,10.882522030640159,48.308,37.033750000000005,5.491207104137149,34.77,137.97959999999998,22.043235893890085,129.029,207.936,0.043396682853259774,0.935130990378288,2,139.7,15.803597192111873,,249.7536842105263,55.70000000000002,0.05951106709874186,155.91133333333335,129.68733333333333,130.9235,-24.987833333333356,24.987833333333356,23.074857171378813,-30.081199999999995,0.3,0,5.428773528840496,0,0.014142135623738184,2,15.747997381250055,0,15.747997381250055,33.88340909090909,0,0,0.3789342772409834,0.3526655389637309,0.3789342772409834,0.2684001837952857,0,7,0
vir,1,41,20,48.80625,6.049688916534642,46.072,52.9501,10.797784167913443,49.013,37.722300000000004,5.428918047679579,35.195,139.47865000000002,21.276513488809055,130.398,206.367,0.04489032812528609,0.9348957707864248,2,138.05,15.35446103528908,,235.75947368421063,53.500000000000014,0.06114539622199932,158.951,130.879,131.38916666666668,-27.56183333333331,27.56183333333331,20.34230165132953,-32.904799999999994,0.35,0,5.956216238112445,0,0.07636753236815003,2,15.52261853465241,0,15.52261853465241,33.88340909090909,0,0,0.37962871020044997,0.34991914533156143,0.37962871020044997,0.2704521444679885,0,13,0
vir,1,46,20,48.174699999999994,6.583750107971178,45.573,52.00015,10.894580247342688,48.103,36.9239,5.479823526739755,34.704,137.09875,22.586613368553646,128.542,206.947,0.04239693017282544,0.9375869583056009,2,140.725,16.27568011352812,,264.89776315789476,55.900000000000006,0.05788484120037201,155.23800000000003,129.28216666666665,129.248,-25.990000000000038,25.990000000000038,23.779391480097694,-31.10880000000003,0.4,0,6.017013284220308,0,0.044547727214744134,2,15.380146462074611,0,15.380146462074611,33.88340909090909,0,0,0.37928974553013795,0.35138686530694113,0.37928974553013795,0.2693233891629209,0,2,1
vir,1,5,20,48.906650000000006,6.148745582594363,46.069,52.414049999999996,10.876097415772279,48.277,37.314350000000005,5.371066485051373,34.911,138.63505,21.78809887959117,130.177,208.159,0.04388255489340498,0.9389905366644293,2,138.98500000000004,15.548778087039507,,241.76449999999994,54.5,0.0604274221782676,156.852,130.663,130.86583333333334,-25.986166666666662,25.986166666666662,22.381360290435712,-31.436199999999985,0.5,0,5.6093679051581935,0,0.6158900064134895,2,15.508436646412333,0,15.508436646412333,33.88340909090909,0,0,0.378072139765521,0.35277262135369086,0.378072139765521,0.26915523888078813,0,12,0
vir,1,51,20,49.08085,6.003875250948122,46.32,53.111450000000005,10.778461170681775,49.002,37.407650000000004,5.146351423709402,35.199,139.59995,21.308253442899584,131.208,207.873,0.044826458627055206,0.939885723454772,2,137.895,15.126396412267287,,228.80786842105263,53.30000000000001,0.0620101338473426,157.31133333333335,131.93083333333334,132.1665,-25.144833333333338,25.144833333333338,22.475180046374685,-30.114600000000024,0.85,0,5.325180990394345,0,0.3577960312803932,2,15.32469709161775,0,15.32469709161775,33.88340909090909,0,0,0.3804546491599746,0.35158214598214393,0.3804546491599746,0.2679632048578814,0,16,0
vir,1,55,20,48.3165,6.533962346644523,45.542,52.09085,10.906737817442075,48.171,37.0195,5.4278319263820825,34.784,137.42685,22.50708289984569,128.497,206.71,0.042540369822176634,0.9350210675715845,2,140.375,16.142877686459748,,260.59250000000003,55.7,0.05833326342810269,155.3805,129.19500000000002,130.03833333333333,-25.342166666666685,25.342166666666685,23.745151519257877,-30.427400000000006,0.4,0,5.303075781770442,0,0.11596551211460489,2,15.0019873949491,0,15.0019873949491,33.88340909090909,0,0,0.3790441969673321,0.3515797677091485,0.3790441969673321,0.2693760353235194,0,5,0
vir,1,61,20,49.18320000000001,5.772447092142027,46.389,53.594100000000005,10.635290637159008,49.53,37.87160000000001,4.912335594141923,35.796,140.64889999999997,20.653297674501736,132.349,207.106,0.04618234206319389,0.9409885182180594,2,136.72499999999997,14.582789964814507,,212.65776315789472,51.599999999999994,0.06417336062784465,157.96866666666665,133.14849999999998,133.28366666666668,-24.684999999999974,24.684999999999974,21.84439716488134,-29.5556,0.5,0,4.962641016033533,0,1.4269414844344535,2,15.43506447496793,0,15.43506447496793,33.88340909090909,0,0,0.3810488386329363,0.34968776862101303,0.3810488386329363,0.26926339274605066,0,15,0
vir,1,7,20,48.41465,6.5750933655568335,45.666,51.982749999999996,10.918363743205635,48.002,36.76345,5.500708772273663,34.623,137.16085000000004,22.55516756351903,128.776,207.025,0.04245352945604793,0.9388684890768756,2,140.66000000000003,16.272754109731686,,264.8025263157895,55.599999999999994,0.05789464688995876,155.2531666666667,130.00283333333334,128.9485,-26.30466666666669,26.30466666666669,23.640668139745273,-31.39640000000003,0.35,0,5.869641373613551,0,0.45820519420888006,2,15.439886407372322,0,15.439886407372322,33.88340909090909,0,0,0.3789911625657029,0.35297717971272413,0.3789911625657029,0.26803165772157284,0,4,0
vir,1,71,20,49.193850000000005,6.4293702505316235,45.66,52.85609999999999,10.983426432584686,48.179,40.867450000000005,17.276783851762637,34.867,142.9174,29.454490295512183,129.114,226.46800000000002,0.03283588036761073,0.9034169387352415,2,136.465,20.04012488142621,,401.60660526315786,62.999999999999986,0.047528235009801655,156.03766666666667,146.36783333333335,129.751,-26.28666666666666,26.28666666666666,38.50719123368521,-31.638199999999983,0.35,0,9.16501419701168,0,0.6972072862499489,2,12.250253872867152,0,12.250253872867152,33.88340909090909,0,0,0.3698367028787257,0.3442117614790082,0.3698367028787257,0.28595153564226616,0,19,0
vir,1,72,20,48.1262,6.533406426730401,45.481,51.94805,10.914539532563651,47.888,37.01375,5.474575502649545,34.901,137.088,22.439952795709804,128.511,207.062,0.04266220195558709,0.9374343487394958,2,140.71,16.197982330492508,,262.37463157894746,55.900000000000006,0.05814635582146004,155.30383333333336,129.17233333333334,129.32833333333335,-25.97550000000001,25.97550000000001,23.55691751397525,-31.203600000000023,0.45,0,5.8783409197012,0,0.04596194077712398,2,15.84987053323575,0,15.84987053323575,33.88340909090909,0,0,0.3789394403594771,0.3510606325863678,0.3789394403594771,0.269999927054155,0,1,1
vir,1,80,20,49.686299999999996,5.774004394470826,46.3,54.151149999999994,11.085997769946696,49.218,37.4251,5.140917764675669,35.131,141.26255,20.784697203458933,130.879,206.828,0.04590378239644395,0.9264946725087434,2,136.185,14.824562654417058,,219.76765789473694,53.20000000000002,0.06319289966101359,157.37716666666665,131.92100000000002,134.4305,-22.94666666666666,22.94666666666666,22.582334474964746,-27.7038,0.5,0,4.362479652250373,0,0.588312841947203,2,14.728249267975304,0,14.728249267975304,33.88340909090909,0,0,0.3833369141361246,0.3517301648596886,0.3833369141361246,0.2649329210041869,0,17,0
vir,1,88,20,48.787949999999995,6.133558154036479,45.984,52.37675,10.950147160150287,48.397,37.031,5.270112162992958,34.89,138.19570000000002,21.731116114674684,129.59,207.886,0.043992560460083305,0.9377281637561805,2,139.42,15.619609807108365,,243.97221052631582,55.099999999999994,0.06016988434784375,156.21633333333332,129.94366666666667,130.78916666666666,-25.427166666666665,25.427166666666665,22.960055343194906,-30.679600000000022,0.35,0,5.644314548137183,0,0.14212846301851148,2,16.22253321383491,0,16.22253321383491,33.88340909090909,0,0,0.37900419477595904,0.3530352246849938,0.37900419477595904,0.2679605805390472,0,10,0
vir,1,93,19,49.344789473684216,6.018610439286052,46.277,53.236210526315794,11.054901228660462,48.914,37.42857894736842,5.203267320911496,35.241,140.00957894736842,21.5647745494457,131.154,206.652,0.044316862010241743,0.936750192280077,2,137.55263157894737,15.365306101049445,,236.09263157894728,52.7,0.061104875999592446,157.34166666666667,132.033,132.07949999999997,-25.2621666666667,25.2621666666667,22.50409451959929,-30.264800000000008,0.6842105263157895,0,5.898581375259286,0,0.0,2,15.428158169479719,0,15.428158169479719,33.88340909090909,0,0,0.38023263069970403,0.35243866773025306,0.38023263069970403,0.26732870157004296,0,20,0
vir,1,98,4,57.22775,11.458223171591657,45.837,66.18275,20.379766802313192,48.332,44.81674999999999,9.485375704209085,35.041,168.22725,39.87237257696946,132.513,207.135,0.024466404491611884,0.787702349054627,0,117.575,27.762249548622673,,770.7424999999998,51.5,0.03476779513749426,132.513,135.206,198.055,65.542,-65.542,43.769634272327814,0.0,0.0,0,-17.730629252989637,0,0.0,2,-25.125828149283798,0,-25.125828149283798,33.88340909090909,0,0,0.3934127794397162,0.3401812132101072,0.3934127794397162,0.26640600735017655,0,22,0
vir,2,3,21,46.71805,1.4988748578429363,45.885,49.1271,0.7850708248304733,48.701,35.4701,0.19496906637234895,35.053,131.26638095238098,2.247509409906676,129.662,140.651,0.3079282840411345,0.9877776705601186,1,144.37142857142857,2.332411382484417,,5.44014285714287,11.400000000000006,0.30008299853257275,131.99885714285713,130.2772857142857,131.523,-0.4758571428571372,0.4758571428571372,2.191820446809599,-0.8641999999999825,0.6190476190476191,0,-0.4994569385262849,0,0.16122034611053895,0,0.0,0,0.0,31.946976744186042,0,0,0.3741157253251241,0.3557701790157655,0.3741157253251241,0.27011409565911043,0,12,0
vir,2,111,21,46.33694736842106,1.3848239949813195,45.768,48.785947368421056,0.8876794637758372,48.253,35.067,0.12839576972864267,34.768,130.15195238095237,2.2069640793676384,129.171,139.721,0.3118213909639998,0.9924630221598125,1,145.6047619047619,2.310297857523179,,5.337476190476191,11.099999999999994,0.3020876196162653,131.097,129.8294285714286,129.52942857142858,-1.5675714285714264,1.5675714285714264,2.294110546595347,-2.190999999999974,0.8095238095238095,0,0.32573647432614516,0,0.22768838354207024,0,0.0,0,0.0,31.946976744186042,0,0,0.3747291405913952,0.35591815679768174,0.3747291405913952,0.269352702610923,0,8,0
vir,2,113,21,46.93215,1.3857343587996565,46.03,49.07695,1.2341696324164462,48.397,35.283950000000004,0.45697558094382523,34.844,131.243,2.627417210874588,129.498,141.963,0.2756782420842336,0.9867040527875772,1,144.40476190476193,2.6989768784626875,,7.284476190476194,12.800000000000011,0.270345025896892,132.6437142857143,130.14114285714285,130.94414285714288,-1.6995714285714314,1.6995714285714314,2.176109188437013,-2.4697999999999922,0.2857142857142857,0,-0.21639249331392288,0,0.5769991334482245,0,0.0,0,0.0,31.946976744186042,0,0,0.37379701362714934,0.3574610384936598,0.37379701362714934,0.2687419478791909,0,11,0
vir,2,12,21,47.778349999999996,1.583569760649055,46.581,51.16989473684211,0.7776727314191899,50.448,36.745526315789476,0.31368833938960117,36.15,135.68423809523807,2.300557951992561,133.905,145.193,0.3029790764304852,0.9868869212797642,1,139.66666666666666,2.236589665838,,5.002333333333335,11.0,0.3089671856012324,136.37928571428571,135.195,135.47842857142857,-0.9008571428571486,0.9008571428571486,2.31383137435453,-1.4627999999999872,0.19047619047619047,0,-0.44165918840278534,0,0.9454017664464064,0,0.0,0,0.0,31.946976744186042,0,0,0.37709833207446813,0.35210422430863236,0.37709833207446813,0.27079744361689956,0,21,0
vir,2,13,21,46.293263157894735,0.722072929688874,45.541,48.54752631578948,0.3585293058564319,48.062,35.0769,0.16395503234600323,34.8,129.89485714285715,0.7822428833625963,128.501,132.189,0.5610907521837194,0.9892693431170705,1,145.85238095238094,0.8686881187279156,,0.7546190476190453,4.099999999999994,0.535134777161604,129.783,129.67414285714287,130.22742857142856,0.44442857142857406,-0.44442857142857406,0.9599643140297072,0.694199999999995,0.19047619047619047,0,-0.22683181122314625,0,0.17748380207782682,0,0.0,0,0.0,31.946976744186042,0,0,0.3736791079987852,0.3563276359473109,0.3736791079987852,0.2699932560539039,0,1,1
vir,2,15,21,46.7451,1.3887763982047383,45.895,49.17185,0.4657644847593666,48.759,35.39705000000001,0.1736298164426109,35.076,131.30266666666668,1.7562944608844304,129.754,138.017,0.36280593898488017,0.9882053677508452,1,144.30952380952377,1.8598130986485595,,3.458904761904756,8.699999999999989,0.34967320083699266,131.36328571428572,130.7892857142857,131.75542857142858,0.3921428571428578,-0.3921428571428578,1.8576286036092817,0.10200000000000387,0.19047619047619047,0,-0.4000934228296873,0,0.0028284271247596953,0,0.0,0,0.0,31.946976744186042,0,0,0.37446007280259525,0.3559795604429078,0.37446007280259525,0.26956036675449685,0,14,0
vir,2,2,21,46.246842105263156,0.6183529433689949,45.645,48.561052631578946,0.1742276523798713,48.278,35.09009999999999,0.16654631092945404,34.793,129.8810952380952,0.7112785603940195,128.941,131.917,0.5843583991198671,0.9927618778054509,1,145.86666666666665,0.7951938966901941,,0.6323333333333351,3.3000000000000114,0.5570428920484322,129.81114285714287,129.677,130.15514285714286,0.3439999999999941,-0.3439999999999941,0.7997013521506481,0.6831999999999994,0.14285714285714285,0,-0.26362940755704234,0,0.007778174593048968,0,0.0,0,0.0,31.946976744186042,0,0,0.37383989437217924,0.35602429582499534,0.37383989437217924,0.2701358098028254,0,7,0
vir,2,41,21,46.6537,1.419549302085923,45.892,49.30735,1.0329603485027616,48.784,35.34155,0.20947037851134132,35.108,131.27861904761906,2.4996104191691644,130.054,141.97,0.28574609177138294,0.9906716032168585,1,144.35238095238094,2.5707234482960315,,6.608619047619039,12.299999999999983,0.2800552925702508,132.33499999999998,130.56585714285714,130.935,-1.3999999999999773,1.3999999999999773,2.470819839967888,-1.9075999999999738,0.7142857142857143,0,-0.10350577524863788,0,0.01909188309202746,0,0.0,0,0.0,31.946976744186042,0,0,0.3755245516844298,0.3553143654428778,0.3755245516844298,0.2691610828726926,0,13,0
vir,2,46,21,46.33594736842105,0.7489372079957488,45.661,48.39357894736842,0.13160518217991343,48.13,35.172399999999996,0.32631150761197586,34.71,129.94433333333336,0.8084620172483891,128.501,132.388,0.5529560424617156,0.9888926796859167,1,145.8,0.8966604708583971,,0.8040000000000023,4.300000000000011,0.5272424956204295,129.9158571428571,129.8162857142857,130.10085714285714,0.1850000000000307,-0.1850000000000307,1.0376688752857737,0.26080000000001746,0.2857142857142857,0,-0.238307172558499,0,0.07071067811865074,0,0.0,0,0.0,31.946976744186042,0,0,0.3725393481057734,0.3566994630686162,0.3725393481057734,0.27076118882561034,0,5,0
vir,2,5,21,46.71105,1.2916630844319308,46.072,49.13290000000001,0.6514745137802882,48.452,35.443650000000005,0.2477233760722464,35.06,131.23776190476192,1.8479519719073316,129.901,138.81,0.351129516882365,0.9898141976412856,1,144.3809523809524,1.9376839390414133,,3.7546190476190473,9.300000000000011,0.34040421663819526,132.0792857142857,130.29685714285714,131.33714285714285,-0.7421428571428521,0.7421428571428521,2.022715439049307,-0.8563999999999794,0.6190476190476191,0,-0.5929986034071925,0,0.11596551211460489,0,0.0,0,0.0,31.946976744186042,0,0,0.37423869428643686,0.355791788409568,0.37423869428643686,0.26996951730399527,0,10,0
vir,2,51,21,47.1446,1.610461110823134,46.099,49.70745,1.0233741135654095,48.967,36.13225,2.544428647994838,35.134,132.97138095238094,3.320180966094929,130.769,143.209,0.23147178505902122,0.9834371807180852,2,142.56666666666666,3.3663531207128776,,11.33233333333333,12.599999999999994,0.22902407852820061,133.48114285714286,133.02371428571428,132.40928571428572,-1.0718571428571408,1.0718571428571408,4.401197503311788,-1.4104000000000099,0.42857142857142855,0,0.357130195219229,0,0.8973185053257327,0,0.0,0,0.0,31.946976744186042,0,0,0.3737843489795412,0.3545125251627448,0.3737843489795412,0.27170312585771406,0,18,0
vir,2,55,21,46.32485,1.2217642237441122,45.621,48.844,0.8071127228388983,48.192,37.08385,8.983289013642587,34.881,132.11695238095237,9.775691839845354,128.834,174.326,0.09280146600910512,0.9751511647688773,1,143.9952380952381,8.237322149247058,,67.85347619047619,38.39999999999999,0.10825648211062021,129.64842857142858,137.116,129.58642857142857,-0.06200000000001182,0.06200000000001182,13.23004791493889,0.022399999999976217,0.14285714285714285,0,1.972458745065694,0,0.5147737367038127,0,0.0,0,0.0,31.946976744186042,0,0,0.3693232727951868,0.35027526848223134,0.3693232727951868,0.2804014587225818,0,16,0
vir,2,61,21,47.162749999999996,1.7513542992721216,46.167,50.017700000000005,1.0439309868296645,49.477,35.95465,0.25230897411914005,35.556,133.1039523809524,2.8744911458585265,131.34,145.401,0.25809840888884406,0.9867475582099633,1,142.38571428571427,2.8353634183796794,,8.0392857142857,13.899999999999977,0.26073148510721017,134.1767142857143,132.78114285714284,132.354,-1.8227142857142837,1.8227142857142837,2.945946646174246,-2.1317999999999984,0.7142857142857143,0,0.573951687599709,0,0.060811183182052087,0,0.0,0,0.0,31.946976744186042,0,0,0.3756913090537356,0.35424730217651085,0.3756913090537356,0.2700613887697534,0,19,0
vir,2,7,21,46.257473684210524,0.5300385068213929,45.581,48.657578947368414,0.7241958234091631,48.165,35.0033,0.26265148010243533,34.62,129.91704761904762,0.9505221973310487,128.768,132.703,0.5126832195851585,0.9911555285460539,1,145.82857142857142,1.05647662403995,,1.1161428571428498,4.299999999999983,0.4862685956699567,129.68557142857142,129.96414285714283,130.10142857142856,0.41585714285713493,-0.41585714285713493,1.3401601239757646,0.8707999999999743,0.6666666666666666,0,-0.46987858186432535,0,0.37688791437244074,0,0.0,0,0.0,31.946976744186042,0,0,0.37452429130895043,0.35605034044256223,0.37452429130895043,0.26942536824848745,0,3,1
vir,2,71,21,46.35931578947368,0.85309013804271,45.776,48.435105263157894,0.16094405333560474,48.153,35.07180000000001,0.11367293803762323,34.908,129.93461904761904,0.9305679167148705,128.908,133.24,0.5179822949205739,0.992098956728054,1,145.82380952380953,1.0270855669829873,,1.0549047619047642,4.800000000000011,0.49331908642038724,129.88585714285713,129.915,130.003,0.11714285714285211,-0.11714285714285211,1.1606891101954586,0.03879999999998063,0.2857142857142857,0,-0.282742932617762,0,0.016970562748477785,0,0.0,0,0.0,31.946976744186042,0,0,0.3729615358833636,0.35697747584943884,0.3729615358833636,0.27006098826719743,0,4,0
vir,2,72,21,46.35336842105263,0.8333864123446589,45.522,48.44315789473685,0.31346881169652735,48.115,35.132850000000005,0.2035351450319023,34.758,129.90309523809523,0.8504622804546877,128.682,132.652,0.5404055032963354,0.9905999527120032,1,145.84761904761905,0.9547874358301137,,0.9116190476190434,4.399999999999977,0.5115645730428706,129.72285714285715,129.69442857142857,130.292,0.5691428571428503,-0.5691428571428503,0.9213838833658353,0.6753999999999962,0.19047619047619047,0,-0.19892117384203578,0,0.05868986283848232,0,0.0,0,0.0,31.946976744186042,0,0,0.3728422260489975,0.3567581846032428,0.3728422260489975,0.27039958934775965,0,2,1
vir,2,80,21,47.026500000000006,1.6361148943055384,46.15,49.561949999999996,1.0179407218290741,48.814,35.566,0.19142210178720676,35.306,132.1169523809524,2.496459863009825,130.784,142.54,0.28600356908978763,0.9899108149489484,1,143.44285714285715,2.5433386382020426,,6.468571428571421,12.0,0.28221970918010225,133.39971428571428,131.26242857142856,131.6887142857143,-1.7109999999999843,1.7109999999999843,2.8040389530104584,-2.1148000000000025,0.19047619047619047,0,0.3663060434189676,0,0.17536248173425703,0,0.0,0,0.0,31.946976744186042,0,0,0.375030504080642,0.35584499803071334,0.375030504080642,0.26912449788864473,0,17,0
vir,2,88,21,46.43963157894736,0.9424409330460467,45.895,48.60084210526316,0.19156787690525842,48.237,35.1913,0.1563713865332011,34.932,130.2482857142857,0.9865753464818131,129.282,134.015,0.5033788432797078,0.9925812020558541,1,145.45714285714286,1.0693789920189334,,1.14357142857143,5.099999999999994,0.4832367603308746,130.09257142857143,130.28142857142856,130.37085714285715,0.27828571428571536,-0.27828571428571536,1.1501574995122206,0.061399999999991905,0.047619047619047616,0,-0.1253101219868127,0,0.6781154031579013,0,0.0,0,0.0,31.946976744186042,0,0,0.37318728548619623,0.3565921761271211,0.37318728548619623,0.27022053838668286,0,9,0
vir,2,89,21,47.761599999999994,3.511999376573497,46.363,49.691649999999996,0.9884805604669483,48.835,36.5694,3.069107454687935,35.612,133.92757142857144,4.598696886852061,131.359,146.686,0.17861299159602528,0.980821190131553,2,141.59523809523807,4.544279501799618,,20.65047619047619,15.0,0.18036608718507244,135.32428571428574,132.06814285714287,134.3902857142857,-0.9340000000000259,0.9340000000000259,6.763560526044967,-1.2054000000000258,0.09523809523809523,0,0.8165394301610847,0,1.1950104602052638,0,0.0,0,0.0,31.946976744186042,0,0,0.37077053766658097,0.35636961364366393,0.37077053766658097,0.27285984868975505,0,20,0
vir,2,93,21,46.79350000000001,1.5806533459300933,45.872,49.56595,1.0769945254711082,48.82,35.46804999999999,0.19471665649294048,35.108,131.8138095238095,2.641788080430519,130.049,142.989,0.2745903874455494,0.9866113457293659,1,143.7761904761905,2.682145551961109,,7.193904761904763,13.199999999999989,0.27158079057124734,132.625,131.08014285714287,131.73628571428574,-0.8887142857142578,0.8887142857142578,2.520672581506353,-1.6022000000000105,0.2857142857142857,0,-0.4344692549736656,0,0.04596194077714408,0,0.0,0,0.0,31.946976744186042,0,0,0.375990973051905,0.35496008040810917,0.375990973051905,0.2690489465399859,0,15,0
vir,2,98,21,46.290157894736836,0.9728271094060459,45.711,48.51615789473684,0.22589605848656624,48.272,35.117650000000005,0.191808367909224,34.905,129.96833333333333,0.9868045568061236,128.99,133.564,0.5033207703165048,0.9924725253587413,1,145.76666666666665,1.0919401693011055,,1.1923333333333268,5.099999999999994,0.4780251436799404,130.01271428571428,129.92714285714285,129.96514285714287,-0.04757142857141616,0.04757142857141616,1.1884298564426132,-0.034199999999998454,0.09523809523809523,0,-0.28288942178223847,0,0.3436538956566751,0,0.0,0,0.0,31.946976744186042,0,0,0.3734196196978124,0.35628652199352145,0.3734196196978124,0.2702938583086663,0,6,0
road_america,1,3,15,54.467666666666666,13.544841717477361,46.946,69.75316666666667,8.173106395460366,63.12,60.14146666666666,9.304867465599978,54.775,181.6389333333333,29.0393352946031,164.837,263.648,0.03328968468152693,0.907498172198031,1,131.54,16.303146059229533,204.2,265.7925714285715,53.30000000000001,0.057792958377450555,208.856,169.711,166.34980000000002,-42.50619999999998,42.50619999999998,12.810928294379622,-42.50619999999998,0.9333333333333333,0,9.250182780196898,0,0.0,2,30.830693012002143,0,30.830693012002143,21.55441860465116,0,0,0.37834832103237304,0.2954382032913815,0.37834832103237304,0.3262134756762454,0,17,0
road_america,1,11,15,54.01676923076923,12.965806313491434,47.264,69.76992307692306,7.6555587479680245,64.305,60.831466666666664,8.995160046751069,55.359,183.0427333333333,28.156969125820005,167.504,262.675,0.03429711763540087,0.9151087123189086,1,130.36666666666667,15.649722346540514,204.2,244.91380952380953,50.7,0.06006106163132386,209.09140000000002,171.10200000000003,168.9348,-40.156600000000026,40.156600000000026,12.594074484053609,-40.156600000000026,0.8,0,8.111621293533993,0,0.0,2,29.991699071596052,0,29.991699071596052,21.55441860465116,0,0,0.3779147374479733,0.2925864364093862,0.3779147374479733,0.3294988261426405,0,21,0
road_america,1,113,15,53.563750000000006,11.103787160039342,46.723,69.96841666666667,9.365943144842605,62.761,60.20066666666666,9.325238623271385,54.742,181.22133333333332,28.099965644784966,164.993,258.295,0.03436430173859023,0.9104502045380971,1,131.74666666666667,16.14792630059736,206.1,260.75552380952394,51.3,0.0583160892151236,208.1918,169.266,166.2062,-41.985600000000005,41.985600000000005,12.6433088467144,-41.985600000000005,0.8666666666666667,0,8.139402277877505,0,0.0,2,29.608694218490474,0,29.608694218490474,21.55441860465116,0,0,0.38081607624113634,0.29153063732938317,0.38081607624113634,0.32765328642948044,0,13,0
road_america,1,12,15,54.85406666666667,15.608096092672394,48.01,68.3186,6.542535559158782,63.512,61.28546666666667,8.422023042227416,56.871,184.45813333333336,28.895722480935444,168.53300000000002,268.242,0.03344960138152546,0.9136653231519202,1,129.40666666666664,15.614483508528075,202.2,243.8120952380952,51.79999999999998,0.06018844940239691,211.06900000000002,172.7124,169.59300000000002,-41.476,41.476,12.883620001193956,-41.476,0.8,0,7.966649704070168,0,0.0,2,30.58673987347154,0,30.58673987347154,21.55441860465116,0,0,0.370374560153126,0.2973794956904403,0.370374560153126,0.3322459441564337,0,23,0
road_america,1,13,15,52.273857142857146,10.361540098305426,46.576,68.64800000000001,9.246157638550354,61.952,60.09619999999999,9.231059652839738,54.656,180.29933333333332,28.244843369230797,163.417,256.349,0.034194062432631255,0.9063649708447804,1,132.48000000000002,16.450280067090475,207.3,270.61171428571424,52.0,0.05730567051963266,207.36580000000004,168.06199999999998,165.4702,-41.89560000000003,41.89560000000003,12.58203839095353,-41.89560000000003,0.8666666666666667,0,8.664110423776753,0,0.0,2,29.704522180042908,0,29.704522180042908,21.55441860465116,0,0,0.37923288473825506,0.28877703124171356,0.37923288473825506,0.3319900840200314,0,3,1
road_america,1,15,15,54.599384615384615,14.377497281854847,47.681,69.28838461538462,7.358997412900544,64.403,60.84933333333334,8.90073199772008,56.025,183.1131333333333,28.857923878068238,167.973,265.615,0.03349194686421374,0.9173181461224156,1,130.40666666666664,15.90734182098077,204.2,253.0435238095238,51.3,0.059145903039534785,209.7984,170.5202,169.02079999999998,-40.77760000000001,40.77760000000001,12.80476575106161,-40.77760000000001,0.8666666666666667,0,7.426629147663522,0,0.0,2,30.496846026670436,0,30.496846026670436,21.55441860465116,0,0,0.37506480102632334,0.29555180771788375,0.37506480102632334,0.3293833912557929,0,22,0
road_america,1,18,15,56.70219999999999,18.73132437618105,49.091,71.20433333333334,5.340078940918205,66.761,61.348800000000004,5.926483409240254,57.792,189.25533333333334,27.65052058065006,174.29500000000002,272.144,0.03490337975482995,0.9209515892110482,1,125.83999999999997,14.173254490664549,197.1,200.8811428571428,48.39999999999999,0.06590543911428211,214.225,178.18059999999997,175.3604,-38.864599999999996,38.864599999999996,13.151050327835977,-38.864599999999996,0.7333333333333333,0,6.8338012491061475,0,0.0,2,29.14316770530696,0,29.14316770530696,21.55441860465116,0,0,0.3762342232539462,0.2996068802992782,0.3762342232539462,0.32415889644677565,0,27,0
road_america,1,2,15,54.02007692307693,10.72152831504242,46.258,69.10000000000001,9.492283357197747,62.633,60.9516,10.497499387949492,53.521,182.08540000000002,27.835496535898184,160.838,253.325,0.03467947911890713,0.8833107981200029,1,131.16,16.65643590756609,206.1,277.4368571428571,53.20000000000002,0.056636571799378976,206.4978,176.42860000000002,163.32979999999998,-43.168000000000035,43.168000000000035,15.076889448956107,-43.168000000000035,0.8666666666666667,0,10.05209643387116,0,0.0,2,28.248739515100933,0,28.248739515100933,21.55441860465116,0,0,0.3753972428299043,0.2934730525959829,0.3753972428299043,0.3311297045741128,0,19,0
road_america,1,21,15,52.81838461538462,10.78701993554029,46.789,69.12138461538461,9.40096507934568,62.834,60.0006,9.297559878038662,54.704,180.3526,28.365563049484596,164.29500000000002,257.449,0.034053493144840324,0.9109655197651713,1,132.44666666666666,16.442230760482364,206.1,270.3469523809525,51.599999999999994,0.05733211615716206,207.47999999999996,167.79340000000002,165.7844,-41.695599999999956,41.695599999999956,12.51096762449248,-41.695599999999956,0.9333333333333333,0,8.903448023482877,0,0.0,2,29.874137598053917,0,29.874137598053917,21.55441860465116,0,0,0.3799123026276403,0.29030602080614076,0.3799123026276403,0.329781676566219,0,4,0
road_america,1,22,15,53.59658333333334,9.849262800824079,46.69,69.46966666666667,9.705689721482804,61.894,60.040533333333336,9.76170588770709,53.952,180.45533333333336,27.575683376240505,163.405,251.436,0.03499478864017154,0.9055149381379693,1,132.28666666666666,16.39197829369452,206.1,268.6969523809523,50.2,0.057497771852817396,206.4514,170.2368,164.6778,-41.773600000000016,41.773600000000016,13.667300609705055,-41.773600000000016,0.8,0,9.351529279637088,0,0.0,2,28.70489417332871,0,28.70489417332871,21.55441860465116,0,0,0.3793942824073421,0.2927067056590931,0.3793942824073421,0.3278990119335648,0,7,0
road_america,1,31,15,53.66475,11.362539929922837,46.304,69.84066666666668,9.456317035653356,62.133,60.09126666666667,9.312714169860675,54.72,181.2728,28.258300629322047,163.672,258.919,0.034178334984972476,0.9029043518939411,1,131.72,16.22697049447529,210.1,263.3145714285716,52.70000000000002,0.058048511798444266,208.75259999999997,168.801,166.26479999999998,-42.48779999999999,42.48779999999999,12.65479013875947,-42.48779999999999,0.8,0,6.332334470477649,0,0.0,2,29.706642433550236,0,29.706642433550236,21.55441860465116,0,0,0.3804026597793479,0.2922969469038157,0.3804026597793479,0.3273003933168364,0,15,0
road_america,1,41,15,53.57938461538461,11.759731520025316,46.512,70.08546153846153,9.001458822651882,62.679,60.40333333333334,9.276015321143838,54.179,182.21993333333333,28.463126556167033,163.506,261.184,0.03394072920583122,0.8973002953573685,1,131.05333333333334,16.26239600457214,204.2,264.46552380952386,53.60000000000001,0.057929385916945644,208.55060000000003,172.8716,165.2376,-43.313000000000045,43.313000000000045,13.525343908609274,-43.313000000000045,0.9333333333333333,0,10.269970464263146,0,0.0,2,29.713440424691996,0,29.713440424691996,21.55441860465116,0,0,0.3807581610994476,0.2910844490593577,0.3807581610994476,0.32815738984119464,0,20,0
road_america,1,46,15,56.961999999999996,21.670371411005146,47.254,68.52316666666665,7.326546002949366,62.833,58.887866666666675,7.075707545303627,54.768,181.24173333333331,31.418683578102893,164.082,273.305,0.030846409836192336,0.905321290975662,1,132.15333333333334,17.152337061364747,212.2,294.20266666666663,57.10000000000001,0.05508932522679903,209.58740000000003,168.6824,165.4554,-44.13200000000003,44.13200000000003,14.361949447744223,-44.13200000000003,0.8666666666666667,0,9.002194490893558,0,0.0,2,32.96007271578478,0,32.96007271578478,21.55441860465116,0,0,0.3716550377667305,0.30894973614181825,0.3716550377667305,0.31939522609145127,0,14,0
road_america,1,47,15,51.60293333333333,8.748912156594644,46.693,68.37753333333333,9.022521558115928,62.378,60.39786666666667,9.54264710105315,54.532,180.3783333333334,27.260189850158177,164.239,250.735,0.03538546645660283,0.9105251000212514,1,132.28,16.088780474071278,205.3,258.8488571428572,49.30000000000001,0.058517926514258585,206.71779999999998,168.3028,166.1144,-40.60339999999999,40.60339999999999,12.444191040114148,-40.60339999999999,0.8,0,7.430123721437377,0,0.0,2,28.69370160998212,0,28.69370160998212,21.55441860465116,0,0,0.37907841850924445,0.2860816616925536,0.37907841850924445,0.334839919798202,0,5,0
road_america,1,5,15,55.074000000000005,15.263679980445556,47.186,69.44575,7.699035501872353,63.222,60.1468,9.147049158842743,54.133,181.77733333333333,29.74928316943516,163.278,266.606,0.03252108332053743,0.8982308025202995,1,131.54666666666665,16.59685282845889,206.1,275.45552380952387,55.599999999999994,0.05682834366738173,209.22439999999997,170.74659999999997,165.36100000000002,-43.863399999999956,43.863399999999956,13.23837966745856,-43.863399999999956,0.8666666666666667,0,9.507969457138037,0,0.0,2,31.25889917014612,0,31.25889917014612,21.55441860465116,0,0,0.37606025563373546,0.29823484545522727,0.37606025563373546,0.32570489891103716,0,18,0
road_america,1,51,15,53.558833333333325,11.546260999154924,46.324,69.94833333333334,9.267301130449157,62.734,60.1982,9.28159777809218,54.826,181.06033333333335,28.420604654939716,164.587,259.41,0.03398978408936609,0.9090174361768912,1,131.9,16.30350531984719,208.1,265.80428571428564,52.099999999999994,0.05779175846254666,208.0254,169.4904,165.6652,-42.36019999999999,42.36019999999999,12.809992235630867,-42.36019999999999,0.7333333333333333,0,8.23169440757317,0,0.0,2,29.934648625060067,0,29.934648625060067,21.55441860465116,0,0,0.38076369026417484,0.29154746159656736,0.38076369026417484,0.3276888481392578,0,11,0
road_america,1,55,15,51.81246666666667,9.455386679912497,46.479,68.29546666666667,9.120572584364792,62.069,60.138000000000005,9.373151741619708,54.511,180.2459333333333,27.90244582588893,163.767,254.487,0.03459914797606039,0.908575283621748,1,132.47333333333333,16.322485221605312,204.2,266.42352380952383,50.999999999999986,0.05772843718479604,206.97220000000002,168.13760000000002,165.628,-41.34420000000003,41.34420000000003,12.522929020730006,-41.34420000000003,0.8666666666666667,0,8.705845975628101,0,0.0,2,29.385807546627284,0,29.385807546627284,21.55441860465116,0,0,0.37890156745099013,0.28745428930620354,0.37890156745099013,0.33364414324280645,0,1,1
road_america,1,57,15,56.148133333333334,16.891606017134524,49.132,70.08226666666665,5.451996167416465,66.622,61.97093333333333,7.451111608983172,57.963,188.20133333333337,27.724210955322754,174.076,271.097,0.03481383706432829,0.9249456256066196,1,126.57333333333334,14.325574865885667,199.3,205.22209523809516,48.19999999999999,0.06525040716260336,212.79519999999997,176.47360000000003,175.3352,-37.45999999999998,37.45999999999998,13.64039473926092,-37.45999999999998,0.8666666666666667,0,7.071859214599987,0,0.0,2,29.404616328774473,0,29.404616328774473,21.55441860465116,0,0,0.37237922508519244,0.2983407839831103,0.37237922508519244,0.3292799909316973,0,26,0
road_america,1,58,15,53.59441666666667,11.729113160758523,47.085,69.59508333333333,9.39220660933437,62.708,60.33460000000001,9.26622335458966,54.677,181.01486666666668,28.562868132961583,165.04,260.198,0.033826217250045316,0.911748316804918,1,131.96,16.33942646309402,205.3,266.9768571428572,52.0,0.05767203443138347,207.9194,168.86239999999998,166.2628,-41.6566,41.6566,12.714307192474756,-41.6566,0.9333333333333333,0,8.825168319508204,0,0.0,2,30.093729027507738,0,30.093729027507738,21.55441860465116,0,0,0.37921495505676545,0.29202931204493937,0.37921495505676545,0.32875573289829507,0,10,0
road_america,1,7,15,51.736266666666666,9.191524057262654,46.66,68.20880000000001,9.181916958270286,61.984,60.34433333333333,9.444093941768708,54.861,180.28939999999997,27.76570640402087,163.792,254.053,0.03476361699430472,0.9084948976478929,1,132.41333333333333,16.258837889708154,204.2,264.34980952380954,50.89999999999999,0.05794132874938951,206.8964,168.0754,165.8964,-41.0,41.0,12.59053440198122,-41.0,0.8666666666666667,0,8.537606758910941,0,0.0,2,29.21434668772219,0,29.21434668772219,21.55441860465116,0,0,0.3783295080021344,0.2869623320431854,0.3783295080021344,0.3347081599546803,0,2,1
road_america,1,71,15,53.22400000000001,10.451714126487492,46.876,69.81824999999999,9.622004016599378,63.403999999999996,60.42499999999999,9.171739607542913,54.602,181.1877333333333,27.53463500359052,164.894,255.02,0.03504513023818843,0.9100726465662136,1,131.68666666666667,15.947900294694714,208.1,254.33552380952375,50.19999999999999,0.059004359396251295,207.04720000000003,169.3364,167.17960000000002,-39.86760000000001,39.86760000000001,12.86283670625839,-39.86760000000001,0.8666666666666667,0,6.818195197908897,0,0.0,2,29.011280936848667,0,29.011280936848667,21.55441860465116,0,0,0.3805488445485502,0.29010082180879704,0.3805488445485502,0.3293503336426528,0,12,0
road_america,1,72,15,53.11891666666667,9.657745449857456,46.682,69.696,9.599811892096445,62.497,60.4158,9.523996731564809,54.421,180.62626666666668,27.385595049396382,163.269,251.976,0.03522913640738579,0.9039050798813314,1,132.12666666666667,16.123783084387515,207.3,259.97638095238096,50.5,0.058398310412594676,207.32960000000003,169.25,165.29919999999998,-42.03040000000004,42.03040000000004,11.811141800980009,-42.03040000000004,0.9333333333333333,0,9.609492011866864,0,0.0,2,28.7400144546565,0,28.7400144546565,21.55441860465116,0,0,0.3803729050887847,0.28990181140480176,0.3803729050887847,0.32972528350641356,0,9,0
road_america,1,8,15,55.07513333333333,16.154564865107087,48.238,68.49826666666667,6.269944195088487,63.991,61.1372,8.495994242666868,56.488,184.7106,29.022745104486578,169.451,269.623,0.03330808014123134,0.917386441276245,1,129.24000000000004,15.561665353407022,199.3,242.1654285714285,51.400000000000006,0.06038040128580926,211.41259999999997,172.48780000000002,170.2314,-41.18119999999996,41.18119999999996,13.024535213069353,-41.18119999999996,0.9333333333333333,0,8.261355872375493,0,0.0,2,30.682271017578895,0,30.682271017578895,21.55441860465116,0,0,0.37084101652350576,0.2981698577847364,0.37084101652350576,0.3309891256917578,0,25,0
road_america,1,80,10,103.73679999999999,88.56516648685557,48.409,72.0697,7.345216766334704,65.338,71.4053,12.00866408566008,58.386,247.21179999999995,88.73182816754965,172.133,412.81,0.011144317689959169,0.6962976686387949,0,103.91000000000001,28.813980017422868,199.3,830.2454444444444,79.39999999999999,0.033541311807937554,233.37166666666667,195.55866666666665,261.95866666666666,28.58699999999999,-28.58699999999999,107.22172700297268,72.64999999999998,0.8,0,18.72030380426823,0,0.0,2,0.5808967410998357,0,0.5808967410998357,21.55441860465116,0,0,0.4196272184418381,0.4196272184418381,0.2915301777665953,0.28884260379156657,0,28,0
road_america,1,86,15,54.518,14.537699533085892,47.712,68.98413333333335,6.630063659106866,64.605,60.96673333333334,8.430375838653479,56.519,184.46886666666666,28.579435738373313,168.9,267.261,0.03380727099884137,0.9156016570817913,1,129.36666666666667,15.475264441159302,199.3,239.48380952380953,51.10000000000001,0.06069705306227143,210.63539999999998,172.6008,170.1704,-40.464999999999975,40.464999999999975,12.821565800085972,-40.464999999999975,0.9333333333333333,0,8.43983429182087,0,0.0,2,30.212261933106177,0,30.212261933106177,21.55441860465116,0,0,0.373960845425407,0.29554038567664354,0.373960845425407,0.33049876889794955,0,24,0
road_america,1,88,15,53.93566666666667,12.950241116276445,46.859,69.10916666666667,8.520870205595553,62.43,60.135266666666666,9.667050321779104,53.605,180.4716,29.318819772094702,162.43099999999998,262.174,0.032982814222880644,0.9000363492095155,1,132.47333333333333,16.734543686069017,206.1,280.0449523809524,54.900000000000006,0.05638712885437972,208.0484,168.57440000000003,164.792,-43.256399999999985,43.256399999999985,12.54238566897186,-43.256399999999985,0.9333333333333333,0,9.996365079048456,0,0.0,2,31.05445641710981,0,31.05445641710981,21.55441860465116,0,0,0.37727442373198106,0.2944406442985164,0.37727442373198106,0.3282849319695025,0,8,0
road_america,1,89,15,53.50133333333333,10.581461879870453,47.491,70.02641666666666,9.489196397227298,63.879,60.467000000000006,9.095450259804151,54.527,181.35533333333336,27.620827143574793,164.311,255.55,0.03493959119292938,0.9060169170652089,1,131.58666666666667,15.979534530439986,207.3,255.34552380952385,50.89999999999999,0.058894429538527956,207.416,169.8388,166.8112,-40.60479999999998,40.60479999999998,12.524014155670242,-40.60479999999998,0.8666666666666667,0,8.521025022699474,0,0.0,2,29.094841258764326,0,29.094841258764326,21.55441860465116,0,0,0.38058921065229667,0.2907764125516262,0.38058921065229667,0.3286343767960771,0,16,0
road_america,1,98,15,52.67233333333334,9.474349546714716,47.265,70.04008333333336,9.519710246338507,62.767,60.34326666666666,9.512696474161459,55.268,180.41073333333335,27.16246993415381,164.15699999999998,250.055,0.035508249181910645,0.9099070602229503,1,132.25333333333333,16.06103833445872,207.3,257.95695238095243,49.10000000000001,0.058613079719788706,206.738,168.426,166.0682,-40.66980000000001,40.66980000000001,12.257327025179585,-40.66980000000001,0.9333333333333333,0,9.009293977704969,0,0.0,2,28.53070934172765,0,28.53070934172765,21.55441860465116,0,0,0.38261627313583374,0.2877394046128587,0.38261627313583374,0.32964432225130763,0,6,0
road_america,2,3,17,49.04676470588236,11.12430421155303,44.158,62.83217647058823,11.636700183231145,58.251,55.16535294117647,12.386009471078532,50.416,167.04429411764707,34.66156593181544,152.938,272.819,0.02804139341250438,0.9155535710324101,2,144.3411764705882,20.189850755501187,218.2,407.6300735294119,67.30000000000001,0.04719240411546484,180.628,171.8992,153.9278,-26.700199999999995,26.700199999999995,38.719182114295755,-26.700199999999995,0.7647058823529411,0,7.4784321030737635,0,0.0,2,10.653710019118467,0,10.653710019118467,22.874666666666663,0,0,0.3761408122466989,0.29361532499481474,0.3761408122466989,0.3302438627584864,0,14,0
road_america,2,11,17,49.1900625,10.803876251720952,44.469,63.5605625,11.70192389862311,58.606,55.88535294117647,12.270763071938399,50.967,168.0954705882353,33.621293710455376,154.52100000000002,269.952,0.028883958189523325,0.9192454707986324,2,143.18823529411767,19.53096523321816,213.0,381.4586029411765,64.9,0.04870691604806022,180.91019999999997,172.6498,155.9758,-24.934399999999982,24.934399999999982,37.39124830976495,-24.934399999999982,0.35294117647058826,0,6.733358459110949,0,0.0,2,10.034923403987174,0,10.034923403987174,22.874666666666663,0,0,0.3769098580029652,0.2916937601367512,0.3769098580029652,0.33139638186028353,0,19,0
road_america,2,113,17,49.071687499999996,12.309705621818635,43.936,62.815625,11.969725638042,57.852,55.13670588235294,11.99890064633374,50.311,166.47505882352942,35.23637023281235,152.292,270.278,0.02759658303453615,0.9148037013846978,2,144.9764705882353,20.627818880451365,218.2,425.5069117647058,67.2,0.04623674747451604,179.1486,172.11920000000003,153.5918,-25.55679999999998,25.55679999999998,37.89314307667242,-25.55679999999998,0.5294117647058824,0,7.282807952860637,0,0.0,2,10.021950120365611,0,10.021950120365611,22.874666666666663,0,0,0.376087377183094,0.29380018499893007,0.376087377183094,0.33011243781797583,0,9,0
road_america,2,12,17,49.18758823529412,9.779778078123906,44.815,63.35635294117647,10.219236192967019,59.019,58.097470588235296,13.552465200645448,51.827,170.64141176470588,27.125950921255328,156.008,238.47,0.03555435344389656,0.9142446630429687,2,140.04705882352943,17.461068038892225,211.4,304.88889705882355,52.000000000000014,0.05416804693494895,182.85660000000001,173.3086,161.48180000000002,-21.374799999999993,21.374799999999993,30.185732359289652,-21.374799999999993,0.47058823529411764,0,-5.354261981782228,0,0.0,2,9.463617938865763,0,9.463617938865763,22.874666666666663,0,0,0.3712835722933265,0.2882511796322802,0.3712835722933265,0.3404652480743934,0,23,0
road_america,2,13,17,48.8704375,12.309720305345419,43.736,63.058749999999996,12.558330937403,57.786,54.872294117647066,11.751182354154334,50.106,166.21170588235293,35.593021213372545,151.88400000000001,266.649,0.027327615125546406,0.9137984547701214,2,145.31176470588233,20.87977138143942,214.3,435.9648529411765,66.4,0.04570431667527837,177.61079999999998,172.7838,153.855,-23.755799999999994,23.755799999999994,38.30604422194145,-23.755799999999994,0.47058823529411764,0,6.048735153148043,0,0.0,2,9.092192967244472,0,9.092192967244472,22.874666666666663,0,0,0.3780467019144786,0.29298563193835364,0.3780467019144786,0.3289676661471678,0,8,0
road_america,2,18,17,49.39511764705882,7.4978294849439004,46.029,65.26088235294117,10.529826262113449,60.661,57.467882352941174,12.017871633958073,52.695,172.12388235294117,28.64438381446342,160.54,254.669,0.033733202425752645,0.932700319127195,2,138.87058823529412,16.708260109369647,208.1,279.16595588235305,54.0,0.056470821742159096,181.7238,177.8802,161.279,-20.444800000000015,20.444800000000015,31.062890090642455,-20.444800000000015,0.5294117647058824,0,6.634106898383043,0,0.0,2,7.483820684650754,0,7.483820684650754,22.874666666666663,0,0,0.3791506527788125,0.2869742244470979,0.3791506527788125,0.33387512277408954,0,25,0
road_america,2,2,17,48.88912499999999,12.130697780836845,43.833,62.613812499999995,12.548843251969481,57.702,54.898,11.810078391992157,50.165,165.84870588235293,35.47537908846907,151.882,267.596,0.027415753447676414,0.9157864644885417,2,145.60588235294117,20.89352383479853,218.2,436.5393382352942,66.80000000000001,0.045675607432849895,178.22420000000002,172.1216,152.6756,-25.54860000000002,25.54860000000002,38.02534795260481,-25.54860000000002,0.4117647058823529,0,7.70624396154114,0,0.0,2,9.837019888432671,0,9.837019888432671,22.874666666666663,0,0,0.37628281090663923,0.2938031824490171,0.37628281090663923,0.3299140066443436,0,1,1
road_america,2,21,17,48.86505882352941,11.769891866912946,44.183,63.05182352941177,11.912534681142036,57.884,55.24394117647059,11.993247503650691,50.382,167.16082352941177,35.108576926150285,152.559,269.886,0.027694251203674202,0.9126480522103757,2,144.35882352941172,20.53971941213929,220.4,421.8800735294117,66.79999999999998,0.04642586009901424,178.97899999999998,174.951,153.192,-25.786999999999978,25.786999999999978,36.203130343417826,-25.786999999999978,0.5294117647058824,0,8.407366769725813,0,0.0,2,9.35440284428154,0,9.35440284428154,22.874666666666663,0,0,0.3771925873427985,0.29232363057203803,0.3771925873427985,0.3304837820851635,0,15,0
road_america,2,31,17,48.808882352941175,11.656282548921595,43.832,62.375,11.82949224396381,57.716,55.025882352941174,12.34343920308656,50.084,166.20976470588235,35.28545780404693,152.106,273.623,0.027559249917703112,0.9151447886901244,2,145.2058823529412,20.682555166982972,222.2,427.76808823529404,68.49999999999999,0.04612002562884038,180.2732,170.91439999999997,152.91,-27.363200000000006,27.363200000000006,38.79326530033918,-27.363200000000006,0.8823529411764706,0,6.820155678543697,0,0.0,2,11.051670464605948,0,11.051670464605948,22.874666666666663,0,0,0.3752787937000941,0.29365833252523565,0.3752787937000941,0.33106287377467025,0,7,0
road_america,2,41,17,49.264312499999996,12.07908286098328,44.024,63.0371875,11.867950742616296,58.079,55.44241176470589,11.999515469690973,50.385,167.2024117647059,34.84828456871806,152.488,271.201,0.027895337588137212,0.9119964143494975,2,144.23529411764707,20.274335413783316,216.0,411.0486764705883,67.30000000000001,0.04700499360145066,179.625,172.5514,154.45059999999998,-25.17440000000002,25.17440000000002,37.63466391323961,-25.17440000000002,0.11764705882352941,0,7.969030843560175,0,0.0,2,9.797448387845051,0,9.797448387845051,22.874666666666663,0,0,0.37579419030374206,0.29368763361798167,0.37579419030374206,0.33051817607827616,0,16,0
road_america,2,46,17,48.8668125,12.148239912123074,43.594,62.91918750000001,12.307637814077081,57.881,55.70570588235294,12.088138389371137,50.044,166.92382352941178,35.21406496564139,151.70499999999998,268.499,0.027613580550782252,0.9088277322695627,2,144.6117647058824,20.7544839237495,221.3,430.74860294117644,67.3,0.04596753494613099,178.6208,172.3062,155.65040000000002,-22.970399999999984,22.970399999999984,38.27037696356457,-22.970399999999984,0.11764705882352941,0,-0.15706354254582167,0,0.0,2,9.277036418304402,0,9.277036418304402,22.874666666666663,0,0,0.37565554167914905,0.2917566111263104,0.37565554167914905,0.3325878471945406,0,11,0
road_america,2,47,17,48.51241176470588,11.856365252781009,43.667,62.71382352941176,12.126036487839368,57.675,54.75841176470588,11.812918125186213,49.936,165.98464705882353,35.41372136958565,151.81,267.75,0.02746217531161877,0.9146026616919567,2,145.47647058823532,20.84629851471733,220.4,434.56816176470596,66.9,0.04577434476262988,178.34279999999998,172.4348,152.81520000000003,-25.52759999999995,25.52759999999995,37.81541936300588,-25.52759999999995,0.6470588235294118,0,7.7511066757060085,0,0.0,2,9.816703188092433,0,9.816703188092433,22.874666666666663,0,0,0.37782906214926326,0.29227047575980625,0.37782906214926326,0.32990046209093044,0,3,1
road_america,2,5,17,49.449,10.089918255367582,44.205,63.2146875,11.80090738725205,58.278,55.25658823529412,12.685836649876624,50.585,167.36141176470588,33.124056471578974,153.245,266.839,0.02930483955894498,0.91565312687161,2,143.7705882352941,19.59568717555863,215.1,383.9909558823529,65.1,0.048553854575278395,181.3034,172.23540000000003,153.8072,-27.496200000000016,27.496200000000016,37.15797294412959,-27.496200000000016,0.7058823529411765,0,7.3711207587383925,0,0.0,2,10.893976615992857,0,10.893976615992857,22.874666666666663,0,0,0.3764565489378439,0.2944790305010595,0.3764565489378439,0.3290644205610965,0,18,0
road_america,2,51,17,49.21476470588236,11.0339052103585,44.193,62.789411764705875,11.668942979437038,58.091,55.015058823529415,12.462035083958941,50.34,167.01923529411766,34.59648271416007,153.144,272.536,0.02809266320018202,0.916924327490282,2,144.3411764705882,20.162404954008135,218.2,406.52257352941183,67.0,0.04725360856543864,180.7484,171.4572,153.87600000000003,-26.87239999999997,26.87239999999997,38.834407255197036,-26.87239999999997,0.47058823529411764,0,7.27475208033454,0,0.0,2,10.76062084090372,0,10.76062084090372,22.874666666666663,0,0,0.375941200150599,0.2946652498990078,0.375941200150599,0.32939354995039316,0,12,0
road_america,2,55,17,48.55023529411765,12.01225772143507,43.729,62.656176470588235,12.090148490792483,57.717,54.78876470588236,11.74801115364539,49.946,165.99517647058823,35.496062641219964,151.703,266.871,0.027400216013180666,0.9139000495407733,2,145.4941176470588,20.878352143674896,218.2,435.9055882352941,66.69999999999999,0.045707281491449224,177.92919999999998,172.6008,152.9758,-24.953399999999988,24.953399999999988,38.05786464971246,-24.953399999999988,0.47058823529411764,0,8.252153322669193,0,0.0,2,9.501831814751768,0,9.501831814751768,22.874666666666663,0,0,0.37745781415335244,0.29247979565671295,0.37745781415335244,0.33006239018993466,0,4,0
road_america,2,57,17,49.195058823529415,7.97459946071422,45.504,64.75382352941176,10.718837642413089,60.138,57.933352941176466,11.838034507157303,52.755,171.88223529411763,29.13060477515317,159.213,255.815,0.033188845941274886,0.9262911884265492,2,139.1529411764706,16.999894030811593,207.3,288.99639705882356,55.60000000000001,0.055555882622877376,181.50140000000002,176.38819999999998,162.388,-19.113400000000013,19.113400000000013,32.061225938039236,-19.113400000000013,0.47058823529411764,0,3.8929184756457658,0,0.0,2,7.508013712290924,0,7.508013712290924,22.874666666666663,0,0,0.3767336596397396,0.2862137482640303,0.3767336596397396,0.33705259209623,0,24,0
road_america,2,58,17,48.967882352941174,11.83300821791712,43.924,62.756764705882354,11.509627304616622,58.126,55.30347058823529,12.045764489633102,50.303,167.0281176470588,34.984020512732585,152.823,270.798,0.027790113104403106,0.9149537344540091,2,144.42941176470586,20.391964247770566,218.2,415.83220588235304,66.9,0.04674652539699426,179.3786,172.2604,154.629,-24.749600000000015,24.749600000000015,37.95740707863662,-24.749600000000015,0.47058823529411764,0,6.852808861347038,0,0.0,2,9.753959874068984,0,9.753959874068984,22.874666666666663,0,0,0.3757257495920025,0.29317149137975357,0.3757257495920025,0.33110275902824393,0,13,0
road_america,2,7,17,48.934374999999996,12.315740350597416,43.737,62.931,12.573577221035121,57.642,54.868705882352934,11.668045020293171,50.103,166.13847058823532,35.549934991356956,151.931,266.676,0.027359829784552894,0.914484161687947,2,145.35294117647058,20.863638154905377,218.2,435.2913970588235,66.5,0.04573804199076711,177.71639999999996,173.14040000000003,153.23139999999998,-24.484999999999985,24.484999999999985,38.29756890195512,-24.484999999999985,0.6470588235294118,0,7.064270272069317,0,0.0,2,9.229348932719,0,9.229348932719,22.874666666666663,0,0,0.37743333376698146,0.2934875386066268,0.37743333376698146,0.3290791276263917,0,6,0
road_america,2,71,3,45.65533333333334,2.739522099442405,44.018,58.568999999999996,0.869972988086414,58.038,50.61666666666667,0.31238171094565187,50.343,154.841,3.373518786074861,152.776,158.734,0.22864884065068314,0.986663738932195,0,151.5,3.2924155266308754,217.3,10.840000000000064,5.800000000000011,0.232969057584437,158.734,152.776,153.013,-5.721000000000004,5.721000000000004,4.380526509450657,0.0,0.3333333333333333,0,1.1805658707964963,0,0.0,0,0.0,0,0.0,22.874666666666663,0,0,0.37825253001466014,0.29485299974382323,0.37825253001466014,0.3268944702415166,0,26,0
road_america,2,72,17,48.47229411764706,12.011595901277577,43.707,62.60858823529411,12.273856275936792,57.716,54.89341176470588,11.749488313639576,50.102,165.97429411764708,35.69936096375659,151.714,266.486,0.027248430864711133,0.9140813088348549,2,145.55294117647057,20.9914005501973,216.0,440.63889705882355,66.6,0.045472319860547866,177.52140000000003,172.9248,152.9808,-24.54060000000004,24.54060000000004,38.09965150409297,-24.54060000000004,0.5294117647058824,0,7.653169537593187,0,0.0,2,9.214889021830631,0,9.214889021830631,22.874666666666663,0,0,0.37721858416771126,0.292046996646894,0.37721858416771126,0.33073441918539476,0,2,1
road_america,2,8,17,48.40217647058824,7.8174279036913275,44.904,64.46923529411764,11.25281873870616,58.802,56.373,12.525589816451758,51.714,169.24441176470586,30.026433808518668,155.651,254.596,0.032230581386554276,0.9196817689696942,2,141.6,18.199107120955137,211.4,331.20750000000004,58.599999999999994,0.05208575553539861,181.9472,173.80839999999998,156.90320000000003,-25.043999999999983,25.043999999999983,33.15427301143348,-25.043999999999983,0.47058823529411764,0,7.315699015172962,0,0.0,2,9.890570817614492,0,9.890570817614492,22.874666666666663,0,0,0.38092386402540007,0.2859898059020109,0.38092386402540007,0.3330863300725891,0,22,0
road_america,2,80,17,49.36464705882353,10.621348848787854,44.617,63.13311764705883,10.65093674801865,58.666,56.06541176470588,12.761449859140338,51.143,168.56317647058825,27.70734139681055,154.69299999999998,239.173,0.0348342950389374,0.9177152640273815,2,141.87647058823526,17.77331319041855,211.4,315.89066176470595,53.5,0.053267102607672694,182.1824,173.11960000000002,155.9314,-26.251000000000005,26.251000000000005,30.907860945882355,-26.251000000000005,0.6470588235294118,0,7.539117817233139,0,0.0,2,10.590430250122958,0,10.590430250122958,22.874666666666663,0,0,0.3745368292705057,0.29285546281477987,0.3745368292705057,0.33260770791471445,0,20,0
road_america,2,86,17,49.33541176470588,10.12064886172586,44.878,63.38705882352941,11.305820544472812,58.778,55.85829411764706,12.376812891273273,51.318,168.58076470588236,33.132605944766496,155.415,268.799,0.029297499335919547,0.9219023313314999,2,142.67647058823533,19.253555821320536,211.4,370.6994117647059,63.7,0.04937404615871544,181.1162,173.4438,156.20999999999998,-24.906200000000013,24.906200000000013,36.99855276668489,-24.906200000000013,0.6470588235294118,0,7.7907848672987265,0,0.0,2,9.805049649525186,0,9.805049649525186,22.874666666666663,0,0,0.37600410067019713,0.29265148874356955,0.37600410067019713,0.33134441058623326,0,21,0
road_america,2,88,17,49.0631875,12.083497574343559,43.833,62.849812500000006,12.01851616031835,57.985,55.142647058823535,12.209407340966516,50.276,166.49211764705882,35.19360233032836,152.638,272.864,0.027629192332757988,0.9167881468333071,2,144.94117647058826,20.57750770937559,217.3,423.4338235294117,67.69999999999999,0.04634455533367705,179.981,171.60660000000001,153.2042,-26.77680000000001,26.77680000000001,38.124099511059484,-26.77680000000001,0.11764705882352941,0,7.989638089208249,0,0.0,2,10.617370722465152,0,10.617370722465152,22.874666666666663,0,0,0.3762208198677017,0.2936936785065631,0.3762208198677017,0.33008550162573513,0,10,0
road_america,2,89,17,49.1519375,11.807179948199598,44.261,63.243750000000006,11.907245819248041,58.134,55.451058823529415,12.267861475571996,50.574,167.28276470588233,34.85722414638286,153.389,273.632,0.02788838299132188,0.9169444339928837,2,144.14705882352942,20.200189282747417,214.3,408.04764705882354,67.2,0.047169390172086524,180.4056,172.14299999999997,154.6994,-25.706199999999995,25.706199999999995,38.16572847092882,-25.706199999999995,0.4117647058823529,0,7.6701056013998015,0,0.0,2,10.304936949481235,0,10.304936949481235,22.874666666666663,0,0,0.3767946140468869,0.2928381906507632,0.3767946140468869,0.3303671953023498,0,17,0
road_america,2,98,17,48.57517647058823,11.793508846158202,43.656,62.716647058823526,11.933540976702895,57.584,54.84647058823529,12.037792904627734,49.829,166.13829411764706,35.35889706595199,151.723,269.026,0.02750358456105211,0.9132331640082979,2,145.33529411764707,20.81084276214176,220.4,433.09117647058815,67.39999999999999,0.045848755635236306,178.7756,172.20239999999998,152.9862,-25.7894,25.7894,37.84479758693173,-25.7894,0.8823529411764706,0,7.657653032501985,0,0.0,2,10.014146225771302,0,10.014146225771302,22.874666666666663,0,0,0.3774966355102465,0.29237796576983527,0.3774966355102465,0.33012539871991836,0,5,0
